model,dataset,layer,token_source,metric,delta_data,delta_flat,delta_tree,delta_cluster,span,score,excess_over_cluster,noise_floor,n,dim
deepseek-ai/DeepSeek-R1-Distill-Qwen-7B,prontoqa,0,input,raw,0.2452,0.0329,0.0748,0.0946,-0.042,,-0.1506,0.012,100,3584
deepseek-ai/DeepSeek-R1-Distill-Qwen-7B,prontoqa,0,input,pca_only,0.2452,0.2167,0.0745,0.1513,0.1422,-0.2011,-0.094,0.012,100,3584
deepseek-ai/DeepSeek-R1-Distill-Qwen-7B,prontoqa,0,input,per_cloud,0.2319,0.2168,0.1122,0.152,0.1045,-0.1446,-0.0799,0.0037,100,3584
deepseek-ai/DeepSeek-R1-Distill-Qwen-7B,prontoqa,0,input,background,0.2358,0.1329,0.0739,0.1317,0.059,-1.7418,-0.1041,0.0076,100,3584
deepseek-ai/DeepSeek-R1-Distill-Qwen-7B,prontoqa,0,generated,raw,0.2001,0.0329,0.0748,0.0457,-0.042,,-0.1544,0.0091,100,3584
deepseek-ai/DeepSeek-R1-Distill-Qwen-7B,prontoqa,0,generated,pca_only,0.2133,0.2167,0.0745,0.141,0.1422,0.0233,-0.0723,0.0098,100,3584
deepseek-ai/DeepSeek-R1-Distill-Qwen-7B,prontoqa,0,generated,per_cloud,0.1967,0.2168,0.1122,0.1526,0.1045,0.1921,-0.044,0.0046,100,3584
deepseek-ai/DeepSeek-R1-Distill-Qwen-7B,prontoqa,0,generated,background,0.1161,0.1329,0.0739,0.124,0.059,0.2859,0.008,0.0078,100,3584
deepseek-ai/DeepSeek-R1-Distill-Qwen-7B,prontoqa,0,thinking,raw,0.1985,0.0329,0.0748,0.0887,-0.042,,-0.1098,0.0094,100,3584
deepseek-ai/DeepSeek-R1-Distill-Qwen-7B,prontoqa,0,thinking,pca_only,0.1985,0.2167,0.0745,0.1334,0.1422,0.128,-0.0651,0.0094,100,3584
deepseek-ai/DeepSeek-R1-Distill-Qwen-7B,prontoqa,0,thinking,per_cloud,0.1429,0.2168,0.1122,0.0902,0.1045,0.7065,-0.0527,0.0127,100,3584
deepseek-ai/DeepSeek-R1-Distill-Qwen-7B,prontoqa,0,thinking,background,0.1942,0.1329,0.0739,0.2136,0.059,-1.0376,0.0194,0.0132,100,3584
deepseek-ai/DeepSeek-R1-Distill-Qwen-7B,prontoqa,0,last,raw,0.0231,0.0329,0.0748,0.0372,-0.042,,0.0141,0.0086,100,3584
deepseek-ai/DeepSeek-R1-Distill-Qwen-7B,prontoqa,0,last,pca_only,0.0231,0.2167,0.0745,0.1668,0.1422,1.3614,0.1436,0.0086,100,3584
deepseek-ai/DeepSeek-R1-Distill-Qwen-7B,prontoqa,0,last,per_cloud,0.0072,0.2168,0.1122,0.1603,0.1045,2.0053,0.1531,0.0031,100,3584
deepseek-ai/DeepSeek-R1-Distill-Qwen-7B,prontoqa,0,last,background,0.0355,0.1329,0.0739,0.1262,0.059,1.6503,0.0907,0.0124,100,3584
deepseek-ai/DeepSeek-R1-Distill-Qwen-7B,prontoqa,0,all,raw,0.2099,0.0329,0.0748,0.0458,-0.042,,-0.1641,0.0099,100,3584
deepseek-ai/DeepSeek-R1-Distill-Qwen-7B,prontoqa,0,all,pca_only,0.222,0.2167,0.0745,0.1437,0.1422,-0.0377,-0.0783,0.0102,100,3584
deepseek-ai/DeepSeek-R1-Distill-Qwen-7B,prontoqa,0,all,per_cloud,0.1971,0.2168,0.1122,0.1506,0.1045,0.188,-0.0466,0.0043,100,3584
deepseek-ai/DeepSeek-R1-Distill-Qwen-7B,prontoqa,0,all,background,0.1232,0.1329,0.0739,0.1252,0.059,0.1658,0.0021,0.0073,100,3584
deepseek-ai/DeepSeek-R1-Distill-Qwen-7B,prontoqa,1,input,raw,0.2568,0.0329,0.0748,0.1409,-0.042,,-0.1159,0.0108,100,3584
deepseek-ai/DeepSeek-R1-Distill-Qwen-7B,prontoqa,1,input,pca_only,0.2581,0.2167,0.0745,0.1459,0.1422,-0.2916,-0.1122,0.0108,100,3584
deepseek-ai/DeepSeek-R1-Distill-Qwen-7B,prontoqa,1,input,per_cloud,0.2022,0.2168,0.1122,0.1411,0.1045,0.139,-0.0611,0.0046,100,3584
deepseek-ai/DeepSeek-R1-Distill-Qwen-7B,prontoqa,1,input,background,0.2614,0.1335,0.0725,0.1293,0.0611,-2.0928,-0.1321,0.0088,100,3584
deepseek-ai/DeepSeek-R1-Distill-Qwen-7B,prontoqa,1,generated,raw,0.2028,0.0329,0.0748,0.0538,-0.042,,-0.1489,0.0082,100,3584
deepseek-ai/DeepSeek-R1-Distill-Qwen-7B,prontoqa,1,generated,pca_only,0.2164,0.2167,0.0745,0.1372,0.1422,0.0019,-0.0792,0.0078,100,3584
deepseek-ai/DeepSeek-R1-Distill-Qwen-7B,prontoqa,1,generated,per_cloud,0.2007,0.2168,0.1122,0.1513,0.1045,0.154,-0.0493,0.0053,100,3584
deepseek-ai/DeepSeek-R1-Distill-Qwen-7B,prontoqa,1,generated,background,0.1751,0.1335,0.0725,0.1491,0.0611,-0.6799,-0.026,0.0093,100,3584
deepseek-ai/DeepSeek-R1-Distill-Qwen-7B,prontoqa,1,thinking,raw,0.1712,0.0329,0.0748,0.0594,-0.042,,-0.1118,0.0091,100,3584
deepseek-ai/DeepSeek-R1-Distill-Qwen-7B,prontoqa,1,thinking,pca_only,0.1759,0.2167,0.0745,0.1102,0.1422,0.2868,-0.0657,0.0091,100,3584
deepseek-ai/DeepSeek-R1-Distill-Qwen-7B,prontoqa,1,thinking,per_cloud,0.1717,0.2168,0.1122,0.0912,0.1045,0.4312,-0.0805,0.0089,100,3584
deepseek-ai/DeepSeek-R1-Distill-Qwen-7B,prontoqa,1,thinking,background,0.1913,0.1335,0.0725,0.2126,0.0611,-0.9447,0.0213,0.0114,100,3584
deepseek-ai/DeepSeek-R1-Distill-Qwen-7B,prontoqa,1,last,raw,0.0516,0.0329,0.0748,0.0353,-0.042,,-0.0162,0.0119,100,3584
deepseek-ai/DeepSeek-R1-Distill-Qwen-7B,prontoqa,1,last,pca_only,0.0525,0.2167,0.0745,0.1639,0.1422,1.1547,0.1114,0.0116,100,3584
deepseek-ai/DeepSeek-R1-Distill-Qwen-7B,prontoqa,1,last,per_cloud,0.1437,0.2168,0.1122,0.163,0.1045,0.6989,0.0193,0.0065,100,3584
deepseek-ai/DeepSeek-R1-Distill-Qwen-7B,prontoqa,1,last,background,0.0493,0.1335,0.0725,0.1238,0.0611,1.3784,0.0744,0.0077,100,3584
deepseek-ai/DeepSeek-R1-Distill-Qwen-7B,prontoqa,1,all,raw,0.2191,0.0329,0.0748,0.0522,-0.042,,-0.1669,0.0083,100,3584
deepseek-ai/DeepSeek-R1-Distill-Qwen-7B,prontoqa,1,all,pca_only,0.2306,0.2167,0.0745,0.1373,0.1422,-0.0983,-0.0933,0.008,100,3584
deepseek-ai/DeepSeek-R1-Distill-Qwen-7B,prontoqa,1,all,per_cloud,0.2003,0.2168,0.1122,0.1499,0.1045,0.1574,-0.0504,0.0063,100,3584
deepseek-ai/DeepSeek-R1-Distill-Qwen-7B,prontoqa,1,all,background,0.1881,0.1335,0.0725,0.1458,0.0611,-0.8927,-0.0423,0.0091,100,3584
deepseek-ai/DeepSeek-R1-Distill-Qwen-7B,prontoqa,2,input,raw,0.2475,0.0329,0.0748,0.1485,-0.042,,-0.099,0.0099,100,3584
deepseek-ai/DeepSeek-R1-Distill-Qwen-7B,prontoqa,2,input,pca_only,0.2488,0.2167,0.0745,0.1628,0.1422,-0.226,-0.086,0.01,100,3584
deepseek-ai/DeepSeek-R1-Distill-Qwen-7B,prontoqa,2,input,per_cloud,0.2034,0.2168,0.1122,0.155,0.1045,0.1283,-0.0484,0.0047,100,3584
deepseek-ai/DeepSeek-R1-Distill-Qwen-7B,prontoqa,2,input,background,0.2626,0.1302,0.0731,0.1266,0.0572,-2.3159,-0.136,0.0097,100,3584
deepseek-ai/DeepSeek-R1-Distill-Qwen-7B,prontoqa,2,generated,raw,0.1997,0.0329,0.0748,0.0576,-0.042,,-0.1421,0.0087,100,3584
deepseek-ai/DeepSeek-R1-Distill-Qwen-7B,prontoqa,2,generated,pca_only,0.2127,0.2167,0.0745,0.1403,0.1422,0.0279,-0.0724,0.0089,100,3584
deepseek-ai/DeepSeek-R1-Distill-Qwen-7B,prontoqa,2,generated,per_cloud,0.2064,0.2168,0.1122,0.1527,0.1045,0.0995,-0.0536,0.0054,100,3584
deepseek-ai/DeepSeek-R1-Distill-Qwen-7B,prontoqa,2,generated,background,0.1792,0.1302,0.0731,0.1464,0.0572,-0.8565,-0.0328,0.007,100,3584
deepseek-ai/DeepSeek-R1-Distill-Qwen-7B,prontoqa,2,thinking,raw,0.1629,0.0329,0.0748,0.0599,-0.042,,-0.1031,0.0085,100,3584
deepseek-ai/DeepSeek-R1-Distill-Qwen-7B,prontoqa,2,thinking,pca_only,0.1682,0.2167,0.0745,0.1096,0.1422,0.3411,-0.0586,0.0085,100,3584
deepseek-ai/DeepSeek-R1-Distill-Qwen-7B,prontoqa,2,thinking,per_cloud,0.1676,0.2168,0.1122,0.0935,0.1045,0.4702,-0.0741,0.0095,100,3584
deepseek-ai/DeepSeek-R1-Distill-Qwen-7B,prontoqa,2,thinking,background,0.1807,0.1302,0.0731,0.2137,0.0572,-0.8837,0.033,0.0106,100,3584
deepseek-ai/DeepSeek-R1-Distill-Qwen-7B,prontoqa,2,last,raw,0.0698,0.0329,0.0748,0.038,-0.042,,-0.0317,0.0069,100,3584
deepseek-ai/DeepSeek-R1-Distill-Qwen-7B,prontoqa,2,last,pca_only,0.0706,0.2167,0.0745,0.1678,0.1422,1.0277,0.0973,0.0068,100,3584
deepseek-ai/DeepSeek-R1-Distill-Qwen-7B,prontoqa,2,last,per_cloud,0.1381,0.2168,0.1122,0.1661,0.1045,0.7529,0.028,0.0084,100,3584
deepseek-ai/DeepSeek-R1-Distill-Qwen-7B,prontoqa,2,last,background,0.1158,0.1302,0.0731,0.1374,0.0572,0.2522,0.0216,0.0152,100,3584
deepseek-ai/DeepSeek-R1-Distill-Qwen-7B,prontoqa,2,all,raw,0.2134,0.0329,0.0748,0.0533,-0.042,,-0.1601,0.0095,100,3584
deepseek-ai/DeepSeek-R1-Distill-Qwen-7B,prontoqa,2,all,pca_only,0.2268,0.2167,0.0745,0.1428,0.1422,-0.0714,-0.084,0.0095,100,3584
deepseek-ai/DeepSeek-R1-Distill-Qwen-7B,prontoqa,2,all,per_cloud,0.2056,0.2168,0.1122,0.1525,0.1045,0.1064,-0.0532,0.0063,100,3584
deepseek-ai/DeepSeek-R1-Distill-Qwen-7B,prontoqa,2,all,background,0.1907,0.1302,0.0731,0.1392,0.0572,-1.0575,-0.0515,0.0066,100,3584
deepseek-ai/DeepSeek-R1-Distill-Qwen-7B,prontoqa,3,input,raw,0.241,0.0329,0.0748,0.1261,-0.042,,-0.1149,0.0071,100,3584
deepseek-ai/DeepSeek-R1-Distill-Qwen-7B,prontoqa,3,input,pca_only,0.2431,0.2167,0.0745,0.1615,0.1422,-0.186,-0.0816,0.007,100,3584
deepseek-ai/DeepSeek-R1-Distill-Qwen-7B,prontoqa,3,input,per_cloud,0.2022,0.2168,0.1122,0.1686,0.1045,0.1391,-0.0336,0.0053,100,3584
deepseek-ai/DeepSeek-R1-Distill-Qwen-7B,prontoqa,3,input,background,0.2672,0.1329,0.0672,0.1258,0.0657,-2.0448,-0.1414,0.0077,100,3584
deepseek-ai/DeepSeek-R1-Distill-Qwen-7B,prontoqa,3,generated,raw,0.2017,0.0329,0.0748,0.0546,-0.042,,-0.1471,0.0093,100,3584
deepseek-ai/DeepSeek-R1-Distill-Qwen-7B,prontoqa,3,generated,pca_only,0.2173,0.2167,0.0745,0.1485,0.1422,-0.0048,-0.0689,0.0091,100,3584
deepseek-ai/DeepSeek-R1-Distill-Qwen-7B,prontoqa,3,generated,per_cloud,0.2047,0.2168,0.1122,0.1569,0.1045,0.1158,-0.0478,0.0046,100,3584
deepseek-ai/DeepSeek-R1-Distill-Qwen-7B,prontoqa,3,generated,background,0.1763,0.1329,0.0672,0.1519,0.0657,-0.661,-0.0245,0.0076,100,3584
deepseek-ai/DeepSeek-R1-Distill-Qwen-7B,prontoqa,3,thinking,raw,0.1615,0.0329,0.0748,0.0647,-0.042,,-0.0968,0.0095,100,3584
deepseek-ai/DeepSeek-R1-Distill-Qwen-7B,prontoqa,3,thinking,pca_only,0.168,0.2167,0.0745,0.1132,0.1422,0.3424,-0.0548,0.0097,100,3584
deepseek-ai/DeepSeek-R1-Distill-Qwen-7B,prontoqa,3,thinking,per_cloud,0.1692,0.2168,0.1122,0.0918,0.1045,0.4553,-0.0774,0.0104,100,3584
deepseek-ai/DeepSeek-R1-Distill-Qwen-7B,prontoqa,3,thinking,background,0.1673,0.1329,0.0672,0.2248,0.0657,-0.5233,0.0575,0.0116,100,3584
deepseek-ai/DeepSeek-R1-Distill-Qwen-7B,prontoqa,3,last,raw,0.0597,0.0329,0.0748,0.0367,-0.042,,-0.023,0.0045,100,3584
deepseek-ai/DeepSeek-R1-Distill-Qwen-7B,prontoqa,3,last,pca_only,0.0617,0.2167,0.0745,0.1715,0.1422,1.0901,0.1098,0.0045,100,3584
deepseek-ai/DeepSeek-R1-Distill-Qwen-7B,prontoqa,3,last,per_cloud,0.1315,0.2168,0.1122,0.1763,0.1045,0.8157,0.0448,0.008,100,3584
deepseek-ai/DeepSeek-R1-Distill-Qwen-7B,prontoqa,3,last,background,0.1022,0.1329,0.0672,0.1324,0.0657,0.4678,0.0302,0.013,100,3584
deepseek-ai/DeepSeek-R1-Distill-Qwen-7B,prontoqa,3,all,raw,0.2127,0.0329,0.0748,0.0519,-0.042,,-0.1609,0.0087,100,3584
deepseek-ai/DeepSeek-R1-Distill-Qwen-7B,prontoqa,3,all,pca_only,0.2285,0.2167,0.0745,0.1522,0.1422,-0.0833,-0.0763,0.0084,100,3584
deepseek-ai/DeepSeek-R1-Distill-Qwen-7B,prontoqa,3,all,per_cloud,0.2062,0.2168,0.1122,0.1573,0.1045,0.1013,-0.0489,0.0042,100,3584
deepseek-ai/DeepSeek-R1-Distill-Qwen-7B,prontoqa,3,all,background,0.1868,0.1329,0.0672,0.1425,0.0657,-0.8201,-0.0443,0.0077,100,3584
deepseek-ai/DeepSeek-R1-Distill-Qwen-7B,prontoqa,4,input,raw,0.2463,0.0329,0.0748,0.105,-0.042,,-0.1414,0.0058,100,3584
deepseek-ai/DeepSeek-R1-Distill-Qwen-7B,prontoqa,4,input,pca_only,0.2498,0.2167,0.0745,0.1357,0.1422,-0.233,-0.1141,0.0058,100,3584
deepseek-ai/DeepSeek-R1-Distill-Qwen-7B,prontoqa,4,input,per_cloud,0.2034,0.2168,0.1122,0.1434,0.1045,0.1275,-0.06,0.0047,100,3584
deepseek-ai/DeepSeek-R1-Distill-Qwen-7B,prontoqa,4,input,background,0.2496,0.132,0.0645,0.1166,0.0676,-1.7404,-0.133,0.0089,100,3584
deepseek-ai/DeepSeek-R1-Distill-Qwen-7B,prontoqa,4,generated,raw,0.2018,0.0329,0.0748,0.0526,-0.042,,-0.1492,0.009,100,3584
deepseek-ai/DeepSeek-R1-Distill-Qwen-7B,prontoqa,4,generated,pca_only,0.2185,0.2167,0.0745,0.155,0.1422,-0.013,-0.0635,0.0091,100,3584
deepseek-ai/DeepSeek-R1-Distill-Qwen-7B,prontoqa,4,generated,per_cloud,0.2051,0.2168,0.1122,0.1641,0.1045,0.1115,-0.0411,0.0052,100,3584
deepseek-ai/DeepSeek-R1-Distill-Qwen-7B,prontoqa,4,generated,background,0.1754,0.132,0.0645,0.1276,0.0676,-0.6423,-0.0478,0.0087,100,3584
deepseek-ai/DeepSeek-R1-Distill-Qwen-7B,prontoqa,4,thinking,raw,0.1597,0.0329,0.0748,0.0677,-0.042,,-0.0919,0.009,100,3584
deepseek-ai/DeepSeek-R1-Distill-Qwen-7B,prontoqa,4,thinking,pca_only,0.1676,0.2167,0.0745,0.1138,0.1422,0.3453,-0.0538,0.0091,100,3584
deepseek-ai/DeepSeek-R1-Distill-Qwen-7B,prontoqa,4,thinking,per_cloud,0.1678,0.2168,0.1122,0.0916,0.1045,0.4688,-0.0761,0.0099,100,3584
deepseek-ai/DeepSeek-R1-Distill-Qwen-7B,prontoqa,4,thinking,background,0.174,0.132,0.0645,0.2065,0.0676,-0.6215,0.0325,0.0111,100,3584
deepseek-ai/DeepSeek-R1-Distill-Qwen-7B,prontoqa,4,last,raw,0.078,0.0329,0.0748,0.0375,-0.042,,-0.0405,0.0067,100,3584
deepseek-ai/DeepSeek-R1-Distill-Qwen-7B,prontoqa,4,last,pca_only,0.0798,0.2167,0.0745,0.1764,0.1422,0.9629,0.0966,0.007,100,3584
deepseek-ai/DeepSeek-R1-Distill-Qwen-7B,prontoqa,4,last,per_cloud,0.122,0.2168,0.1122,0.1819,0.1045,0.9064,0.0598,0.0081,100,3584
deepseek-ai/DeepSeek-R1-Distill-Qwen-7B,prontoqa,4,last,background,0.123,0.132,0.0645,0.1387,0.0676,0.1341,0.0157,0.0084,100,3584
deepseek-ai/DeepSeek-R1-Distill-Qwen-7B,prontoqa,4,all,raw,0.2099,0.0329,0.0748,0.0502,-0.042,,-0.1597,0.0097,100,3584
deepseek-ai/DeepSeek-R1-Distill-Qwen-7B,prontoqa,4,all,pca_only,0.2268,0.2167,0.0745,0.1577,0.1422,-0.0715,-0.0691,0.0098,100,3584
deepseek-ai/DeepSeek-R1-Distill-Qwen-7B,prontoqa,4,all,per_cloud,0.2071,0.2168,0.1122,0.1641,0.1045,0.0925,-0.043,0.0056,100,3584
deepseek-ai/DeepSeek-R1-Distill-Qwen-7B,prontoqa,4,all,background,0.1831,0.132,0.0645,0.1238,0.0676,-0.7564,-0.0593,0.0085,100,3584
deepseek-ai/DeepSeek-R1-Distill-Qwen-7B,prontoqa,5,input,raw,0.2399,0.0329,0.0748,0.1237,-0.042,,-0.1162,0.0076,100,3584
deepseek-ai/DeepSeek-R1-Distill-Qwen-7B,prontoqa,5,input,pca_only,0.2424,0.2167,0.0745,0.1295,0.1422,-0.1812,-0.1129,0.0079,100,3584
deepseek-ai/DeepSeek-R1-Distill-Qwen-7B,prontoqa,5,input,per_cloud,0.2048,0.2168,0.1122,0.1379,0.1045,0.1143,-0.0669,0.0054,100,3584
deepseek-ai/DeepSeek-R1-Distill-Qwen-7B,prontoqa,5,input,background,0.2554,0.1308,0.0701,0.1135,0.0607,-2.0518,-0.1419,0.0068,100,3584
deepseek-ai/DeepSeek-R1-Distill-Qwen-7B,prontoqa,5,generated,raw,0.1998,0.0329,0.0748,0.0515,-0.042,,-0.1483,0.0083,100,3584
deepseek-ai/DeepSeek-R1-Distill-Qwen-7B,prontoqa,5,generated,pca_only,0.2204,0.2167,0.0745,0.1594,0.1422,-0.0261,-0.061,0.0088,100,3584
deepseek-ai/DeepSeek-R1-Distill-Qwen-7B,prontoqa,5,generated,per_cloud,0.204,0.2168,0.1122,0.1651,0.1045,0.122,-0.0389,0.0053,100,3584
deepseek-ai/DeepSeek-R1-Distill-Qwen-7B,prontoqa,5,generated,background,0.1808,0.1308,0.0701,0.1126,0.0607,-0.8225,-0.0681,0.0089,100,3584
deepseek-ai/DeepSeek-R1-Distill-Qwen-7B,prontoqa,5,thinking,raw,0.1584,0.0329,0.0748,0.0727,-0.042,,-0.0858,0.0083,100,3584
deepseek-ai/DeepSeek-R1-Distill-Qwen-7B,prontoqa,5,thinking,pca_only,0.1664,0.2167,0.0745,0.12,0.1422,0.3534,-0.0464,0.0082,100,3584
deepseek-ai/DeepSeek-R1-Distill-Qwen-7B,prontoqa,5,thinking,per_cloud,0.1643,0.2168,0.1122,0.0921,0.1045,0.502,-0.0721,0.0096,100,3584
deepseek-ai/DeepSeek-R1-Distill-Qwen-7B,prontoqa,5,thinking,background,0.1786,0.1308,0.0701,0.2069,0.0607,-0.787,0.0283,0.0104,100,3584
deepseek-ai/DeepSeek-R1-Distill-Qwen-7B,prontoqa,5,last,raw,0.0814,0.0329,0.0748,0.0391,-0.042,,-0.0424,0.0057,100,3584
deepseek-ai/DeepSeek-R1-Distill-Qwen-7B,prontoqa,5,last,pca_only,0.0831,0.2167,0.0745,0.1765,0.1422,0.9396,0.0934,0.0056,100,3584
deepseek-ai/DeepSeek-R1-Distill-Qwen-7B,prontoqa,5,last,per_cloud,0.1246,0.2168,0.1122,0.1783,0.1045,0.8819,0.0537,0.0101,100,3584
deepseek-ai/DeepSeek-R1-Distill-Qwen-7B,prontoqa,5,last,background,0.1207,0.1308,0.0701,0.1328,0.0607,0.1675,0.0121,0.0104,100,3584
deepseek-ai/DeepSeek-R1-Distill-Qwen-7B,prontoqa,5,all,raw,0.2102,0.0329,0.0748,0.0493,-0.042,,-0.1609,0.0087,100,3584
deepseek-ai/DeepSeek-R1-Distill-Qwen-7B,prontoqa,5,all,pca_only,0.2271,0.2167,0.0745,0.1555,0.1422,-0.0734,-0.0716,0.0089,100,3584
deepseek-ai/DeepSeek-R1-Distill-Qwen-7B,prontoqa,5,all,per_cloud,0.2029,0.2168,0.1122,0.1648,0.1045,0.1328,-0.0381,0.0054,100,3584
deepseek-ai/DeepSeek-R1-Distill-Qwen-7B,prontoqa,5,all,background,0.1833,0.1308,0.0701,0.1106,0.0607,-0.8636,-0.0726,0.008,100,3584
deepseek-ai/DeepSeek-R1-Distill-Qwen-7B,prontoqa,6,input,raw,0.2558,0.0329,0.0748,0.0919,-0.042,,-0.1639,0.0147,100,3584
deepseek-ai/DeepSeek-R1-Distill-Qwen-7B,prontoqa,6,input,pca_only,0.2588,0.2167,0.0745,0.129,0.1422,-0.2965,-0.1298,0.015,100,3584
deepseek-ai/DeepSeek-R1-Distill-Qwen-7B,prontoqa,6,input,per_cloud,0.2036,0.2168,0.1122,0.1309,0.1045,0.1258,-0.0727,0.0051,100,3584
deepseek-ai/DeepSeek-R1-Distill-Qwen-7B,prontoqa,6,input,background,0.253,0.131,0.0578,0.1135,0.0732,-1.6667,-0.1395,0.0065,100,3584
deepseek-ai/DeepSeek-R1-Distill-Qwen-7B,prontoqa,6,generated,raw,0.1992,0.0329,0.0748,0.0515,-0.042,,-0.1477,0.009,100,3584
deepseek-ai/DeepSeek-R1-Distill-Qwen-7B,prontoqa,6,generated,pca_only,0.2188,0.2167,0.0745,0.1557,0.1422,-0.0151,-0.0631,0.0092,100,3584
deepseek-ai/DeepSeek-R1-Distill-Qwen-7B,prontoqa,6,generated,per_cloud,0.2053,0.2168,0.1122,0.1638,0.1045,0.1098,-0.0415,0.0058,100,3584
deepseek-ai/DeepSeek-R1-Distill-Qwen-7B,prontoqa,6,generated,background,0.1958,0.131,0.0578,0.1083,0.0732,-0.8857,-0.0875,0.01,100,3584
deepseek-ai/DeepSeek-R1-Distill-Qwen-7B,prontoqa,6,thinking,raw,0.159,0.0329,0.0748,0.0736,-0.042,,-0.0854,0.0076,100,3584
deepseek-ai/DeepSeek-R1-Distill-Qwen-7B,prontoqa,6,thinking,pca_only,0.1685,0.2167,0.0745,0.1231,0.1422,0.3387,-0.0454,0.0076,100,3584
deepseek-ai/DeepSeek-R1-Distill-Qwen-7B,prontoqa,6,thinking,per_cloud,0.1635,0.2168,0.1122,0.094,0.1045,0.5099,-0.0695,0.0095,100,3584
deepseek-ai/DeepSeek-R1-Distill-Qwen-7B,prontoqa,6,thinking,background,0.1685,0.131,0.0578,0.2302,0.0732,-0.5119,0.0617,0.0087,100,3584
deepseek-ai/DeepSeek-R1-Distill-Qwen-7B,prontoqa,6,last,raw,0.0785,0.0329,0.0748,0.0391,-0.042,,-0.0394,0.0051,100,3584
deepseek-ai/DeepSeek-R1-Distill-Qwen-7B,prontoqa,6,last,pca_only,0.0804,0.2167,0.0745,0.1662,0.1422,0.9583,0.0858,0.0052,100,3584
deepseek-ai/DeepSeek-R1-Distill-Qwen-7B,prontoqa,6,last,per_cloud,0.119,0.2168,0.1122,0.1637,0.1045,0.9353,0.0447,0.0082,100,3584
deepseek-ai/DeepSeek-R1-Distill-Qwen-7B,prontoqa,6,last,background,0.135,0.131,0.0578,0.1419,0.0732,-0.0551,0.0069,0.0134,100,3584
deepseek-ai/DeepSeek-R1-Distill-Qwen-7B,prontoqa,6,all,raw,0.2088,0.0329,0.0748,0.0488,-0.042,,-0.16,0.0085,100,3584
deepseek-ai/DeepSeek-R1-Distill-Qwen-7B,prontoqa,6,all,pca_only,0.2272,0.2167,0.0745,0.1544,0.1422,-0.0742,-0.0728,0.0085,100,3584
deepseek-ai/DeepSeek-R1-Distill-Qwen-7B,prontoqa,6,all,per_cloud,0.2058,0.2168,0.1122,0.1654,0.1045,0.1051,-0.0404,0.0065,100,3584
deepseek-ai/DeepSeek-R1-Distill-Qwen-7B,prontoqa,6,all,background,0.1969,0.131,0.0578,0.1051,0.0732,-0.9008,-0.0918,0.0092,100,3584
deepseek-ai/DeepSeek-R1-Distill-Qwen-7B,prontoqa,7,input,raw,0.2491,0.0329,0.0748,0.0945,-0.042,,-0.1547,0.0151,100,3584
deepseek-ai/DeepSeek-R1-Distill-Qwen-7B,prontoqa,7,input,pca_only,0.2522,0.2167,0.0745,0.1151,0.1422,-0.25,-0.1371,0.0154,100,3584
deepseek-ai/DeepSeek-R1-Distill-Qwen-7B,prontoqa,7,input,per_cloud,0.203,0.2168,0.1122,0.1255,0.1045,0.1314,-0.0775,0.0039,100,3584
deepseek-ai/DeepSeek-R1-Distill-Qwen-7B,prontoqa,7,input,background,0.2459,0.1275,0.0694,0.1105,0.0581,-2.038,-0.1354,0.006,100,3584
deepseek-ai/DeepSeek-R1-Distill-Qwen-7B,prontoqa,7,generated,raw,0.1958,0.0329,0.0748,0.0576,-0.042,,-0.1382,0.0101,100,3584
deepseek-ai/DeepSeek-R1-Distill-Qwen-7B,prontoqa,7,generated,pca_only,0.2137,0.2167,0.0745,0.1564,0.1422,0.0209,-0.0572,0.0092,100,3584
deepseek-ai/DeepSeek-R1-Distill-Qwen-7B,prontoqa,7,generated,per_cloud,0.2002,0.2168,0.1122,0.1645,0.1045,0.1582,-0.0358,0.0065,100,3584
deepseek-ai/DeepSeek-R1-Distill-Qwen-7B,prontoqa,7,generated,background,0.1934,0.1275,0.0694,0.1127,0.0581,-1.1355,-0.0808,0.0112,100,3584
deepseek-ai/DeepSeek-R1-Distill-Qwen-7B,prontoqa,7,thinking,raw,0.155,0.0329,0.0748,0.069,-0.042,,-0.086,0.0086,100,3584
deepseek-ai/DeepSeek-R1-Distill-Qwen-7B,prontoqa,7,thinking,pca_only,0.164,0.2167,0.0745,0.1227,0.1422,0.3702,-0.0413,0.0083,100,3584
deepseek-ai/DeepSeek-R1-Distill-Qwen-7B,prontoqa,7,thinking,per_cloud,0.164,0.2168,0.1122,0.0969,0.1045,0.5051,-0.0671,0.01,100,3584
deepseek-ai/DeepSeek-R1-Distill-Qwen-7B,prontoqa,7,thinking,background,0.18,0.1275,0.0694,0.2212,0.0581,-0.9038,0.0412,0.009,100,3584
deepseek-ai/DeepSeek-R1-Distill-Qwen-7B,prontoqa,7,last,raw,0.081,0.0329,0.0748,0.0396,-0.042,,-0.0414,0.0057,100,3584
deepseek-ai/DeepSeek-R1-Distill-Qwen-7B,prontoqa,7,last,pca_only,0.0828,0.2167,0.0745,0.1558,0.1422,0.9417,0.073,0.006,100,3584
deepseek-ai/DeepSeek-R1-Distill-Qwen-7B,prontoqa,7,last,per_cloud,0.1169,0.2168,0.1122,0.1555,0.1045,0.9553,0.0386,0.0098,100,3584
deepseek-ai/DeepSeek-R1-Distill-Qwen-7B,prontoqa,7,last,background,0.1217,0.1275,0.0694,0.1333,0.0581,0.0992,0.0116,0.0092,100,3584
deepseek-ai/DeepSeek-R1-Distill-Qwen-7B,prontoqa,7,all,raw,0.2018,0.0329,0.0748,0.0555,-0.042,,-0.1463,0.0095,100,3584
deepseek-ai/DeepSeek-R1-Distill-Qwen-7B,prontoqa,7,all,pca_only,0.2223,0.2167,0.0745,0.1535,0.1422,-0.0394,-0.0688,0.0092,100,3584
deepseek-ai/DeepSeek-R1-Distill-Qwen-7B,prontoqa,7,all,per_cloud,0.2039,0.2168,0.1122,0.1665,0.1045,0.123,-0.0374,0.0047,100,3584
deepseek-ai/DeepSeek-R1-Distill-Qwen-7B,prontoqa,7,all,background,0.1974,0.1275,0.0694,0.1068,0.0581,-1.2033,-0.0906,0.0098,100,3584
deepseek-ai/DeepSeek-R1-Distill-Qwen-7B,prontoqa,8,input,raw,0.2768,0.0329,0.0748,0.1018,-0.042,,-0.175,0.0126,100,3584
deepseek-ai/DeepSeek-R1-Distill-Qwen-7B,prontoqa,8,input,pca_only,0.282,0.2167,0.0745,0.1235,0.1422,-0.4596,-0.1585,0.0123,100,3584
deepseek-ai/DeepSeek-R1-Distill-Qwen-7B,prontoqa,8,input,per_cloud,0.201,0.2168,0.1122,0.1381,0.1045,0.1508,-0.0629,0.0053,100,3584
deepseek-ai/DeepSeek-R1-Distill-Qwen-7B,prontoqa,8,input,background,0.234,0.1299,0.0825,0.1019,0.0475,-2.1928,-0.1321,0.0065,100,3584
deepseek-ai/DeepSeek-R1-Distill-Qwen-7B,prontoqa,8,generated,raw,0.1968,0.0329,0.0748,0.0523,-0.042,,-0.1445,0.0095,100,3584
deepseek-ai/DeepSeek-R1-Distill-Qwen-7B,prontoqa,8,generated,pca_only,0.2189,0.2167,0.0745,0.1558,0.1422,-0.0155,-0.0631,0.0091,100,3584
deepseek-ai/DeepSeek-R1-Distill-Qwen-7B,prontoqa,8,generated,per_cloud,0.2032,0.2168,0.1122,0.1662,0.1045,0.1294,-0.0371,0.0059,100,3584
deepseek-ai/DeepSeek-R1-Distill-Qwen-7B,prontoqa,8,generated,background,0.1946,0.1299,0.0825,0.1085,0.0475,-1.3634,-0.0861,0.0102,100,3584
deepseek-ai/DeepSeek-R1-Distill-Qwen-7B,prontoqa,8,thinking,raw,0.1569,0.0329,0.0748,0.0671,-0.042,,-0.0899,0.0085,100,3584
deepseek-ai/DeepSeek-R1-Distill-Qwen-7B,prontoqa,8,thinking,pca_only,0.1658,0.2167,0.0745,0.122,0.1422,0.3578,-0.0438,0.0084,100,3584
deepseek-ai/DeepSeek-R1-Distill-Qwen-7B,prontoqa,8,thinking,per_cloud,0.1642,0.2168,0.1122,0.1009,0.1045,0.5031,-0.0633,0.0102,100,3584
deepseek-ai/DeepSeek-R1-Distill-Qwen-7B,prontoqa,8,thinking,background,0.1835,0.1299,0.0825,0.2065,0.0475,-1.1283,0.0231,0.0111,100,3584
deepseek-ai/DeepSeek-R1-Distill-Qwen-7B,prontoqa,8,last,raw,0.0946,0.0329,0.0748,0.039,-0.042,,-0.0556,0.0054,100,3584
deepseek-ai/DeepSeek-R1-Distill-Qwen-7B,prontoqa,8,last,pca_only,0.096,0.2167,0.0745,0.149,0.1422,0.8491,0.053,0.0054,100,3584
deepseek-ai/DeepSeek-R1-Distill-Qwen-7B,prontoqa,8,last,per_cloud,0.1163,0.2168,0.1122,0.1535,0.1045,0.9607,0.0371,0.0114,100,3584
deepseek-ai/DeepSeek-R1-Distill-Qwen-7B,prontoqa,8,last,background,0.1312,0.1299,0.0825,0.136,0.0475,-0.0263,0.0048,0.0097,100,3584
deepseek-ai/DeepSeek-R1-Distill-Qwen-7B,prontoqa,8,all,raw,0.2048,0.0329,0.0748,0.0518,-0.042,,-0.153,0.0099,100,3584
deepseek-ai/DeepSeek-R1-Distill-Qwen-7B,prontoqa,8,all,pca_only,0.2222,0.2167,0.0745,0.1474,0.1422,-0.0388,-0.0747,0.0093,100,3584
deepseek-ai/DeepSeek-R1-Distill-Qwen-7B,prontoqa,8,all,per_cloud,0.2033,0.2168,0.1122,0.1663,0.1045,0.1291,-0.0369,0.0056,100,3584
deepseek-ai/DeepSeek-R1-Distill-Qwen-7B,prontoqa,8,all,background,0.1926,0.1299,0.0825,0.105,0.0475,-1.3202,-0.0876,0.0105,100,3584
deepseek-ai/DeepSeek-R1-Distill-Qwen-7B,prontoqa,9,input,raw,0.2756,0.0329,0.0748,0.1068,-0.042,,-0.1688,0.0095,100,3584
deepseek-ai/DeepSeek-R1-Distill-Qwen-7B,prontoqa,9,input,pca_only,0.2808,0.2167,0.0745,0.1142,0.1422,-0.451,-0.1666,0.0098,100,3584
deepseek-ai/DeepSeek-R1-Distill-Qwen-7B,prontoqa,9,input,per_cloud,0.2018,0.2168,0.1122,0.1247,0.1045,0.1427,-0.0772,0.0062,100,3584
deepseek-ai/DeepSeek-R1-Distill-Qwen-7B,prontoqa,9,input,background,0.2349,0.1294,0.0644,0.0871,0.065,-1.6238,-0.1478,0.0069,100,3584
deepseek-ai/DeepSeek-R1-Distill-Qwen-7B,prontoqa,9,generated,raw,0.2003,0.0329,0.0748,0.0538,-0.042,,-0.1465,0.0087,100,3584
deepseek-ai/DeepSeek-R1-Distill-Qwen-7B,prontoqa,9,generated,pca_only,0.2198,0.2167,0.0745,0.151,0.1422,-0.0223,-0.0688,0.0082,100,3584
deepseek-ai/DeepSeek-R1-Distill-Qwen-7B,prontoqa,9,generated,per_cloud,0.1981,0.2168,0.1122,0.165,0.1045,0.1782,-0.0332,0.0059,100,3584
deepseek-ai/DeepSeek-R1-Distill-Qwen-7B,prontoqa,9,generated,background,0.2005,0.1294,0.0644,0.1035,0.065,-1.0937,-0.0969,0.0111,100,3584
deepseek-ai/DeepSeek-R1-Distill-Qwen-7B,prontoqa,9,thinking,raw,0.1539,0.0329,0.0748,0.0719,-0.042,,-0.0819,0.0076,100,3584
deepseek-ai/DeepSeek-R1-Distill-Qwen-7B,prontoqa,9,thinking,pca_only,0.1643,0.2167,0.0745,0.1303,0.1422,0.3679,-0.034,0.0075,100,3584
deepseek-ai/DeepSeek-R1-Distill-Qwen-7B,prontoqa,9,thinking,per_cloud,0.1607,0.2168,0.1122,0.1011,0.1045,0.5362,-0.0597,0.0092,100,3584
deepseek-ai/DeepSeek-R1-Distill-Qwen-7B,prontoqa,9,thinking,background,0.1673,0.1294,0.0644,0.2203,0.065,-0.583,0.0531,0.0081,100,3584
deepseek-ai/DeepSeek-R1-Distill-Qwen-7B,prontoqa,9,last,raw,0.1102,0.0329,0.0748,0.0407,-0.042,,-0.0694,0.0055,100,3584
deepseek-ai/DeepSeek-R1-Distill-Qwen-7B,prontoqa,9,last,pca_only,0.1114,0.2167,0.0745,0.1446,0.1422,0.7407,0.0332,0.0055,100,3584
deepseek-ai/DeepSeek-R1-Distill-Qwen-7B,prontoqa,9,last,per_cloud,0.12,0.2168,0.1122,0.1498,0.1045,0.9261,0.0298,0.0103,100,3584
deepseek-ai/DeepSeek-R1-Distill-Qwen-7B,prontoqa,9,last,background,0.144,0.1294,0.0644,0.1227,0.065,-0.2248,-0.0213,0.0081,100,3584
deepseek-ai/DeepSeek-R1-Distill-Qwen-7B,prontoqa,9,all,raw,0.2055,0.0329,0.0748,0.0567,-0.042,,-0.1488,0.0095,100,3584
deepseek-ai/DeepSeek-R1-Distill-Qwen-7B,prontoqa,9,all,pca_only,0.2261,0.2167,0.0745,0.1395,0.1422,-0.0666,-0.0866,0.009,100,3584
deepseek-ai/DeepSeek-R1-Distill-Qwen-7B,prontoqa,9,all,per_cloud,0.2011,0.2168,0.1122,0.1622,0.1045,0.1501,-0.0388,0.0061,100,3584
deepseek-ai/DeepSeek-R1-Distill-Qwen-7B,prontoqa,9,all,background,0.1987,0.1294,0.0644,0.0994,0.065,-1.0661,-0.0993,0.0109,100,3584
deepseek-ai/DeepSeek-R1-Distill-Qwen-7B,prontoqa,10,input,raw,0.2506,0.0329,0.0748,0.1198,-0.042,,-0.1308,0.0155,100,3584
deepseek-ai/DeepSeek-R1-Distill-Qwen-7B,prontoqa,10,input,pca_only,0.2561,0.2167,0.0745,0.1137,0.1422,-0.2771,-0.1423,0.0162,100,3584
deepseek-ai/DeepSeek-R1-Distill-Qwen-7B,prontoqa,10,input,per_cloud,0.1988,0.2168,0.1122,0.1228,0.1045,0.1715,-0.076,0.0063,100,3584
deepseek-ai/DeepSeek-R1-Distill-Qwen-7B,prontoqa,10,input,background,0.2343,0.124,0.073,0.0845,0.0511,-2.1597,-0.1498,0.0069,100,3584
deepseek-ai/DeepSeek-R1-Distill-Qwen-7B,prontoqa,10,generated,raw,0.2023,0.0329,0.0748,0.0505,-0.042,,-0.1518,0.0093,100,3584
deepseek-ai/DeepSeek-R1-Distill-Qwen-7B,prontoqa,10,generated,pca_only,0.2227,0.2167,0.0745,0.1414,0.1422,-0.0424,-0.0812,0.0083,100,3584
deepseek-ai/DeepSeek-R1-Distill-Qwen-7B,prontoqa,10,generated,per_cloud,0.1954,0.2168,0.1122,0.1652,0.1045,0.2047,-0.0301,0.0053,100,3584
deepseek-ai/DeepSeek-R1-Distill-Qwen-7B,prontoqa,10,generated,background,0.1925,0.124,0.073,0.0893,0.0511,-1.341,-0.1032,0.0109,100,3584
deepseek-ai/DeepSeek-R1-Distill-Qwen-7B,prontoqa,10,thinking,raw,0.1568,0.0329,0.0748,0.0701,-0.042,,-0.0868,0.0071,100,3584
deepseek-ai/DeepSeek-R1-Distill-Qwen-7B,prontoqa,10,thinking,pca_only,0.1666,0.2167,0.0745,0.1327,0.1422,0.3519,-0.034,0.0072,100,3584
deepseek-ai/DeepSeek-R1-Distill-Qwen-7B,prontoqa,10,thinking,per_cloud,0.1655,0.2168,0.1122,0.1023,0.1045,0.4907,-0.0631,0.0091,100,3584
deepseek-ai/DeepSeek-R1-Distill-Qwen-7B,prontoqa,10,thinking,background,0.1801,0.124,0.073,0.2126,0.0511,-1.0979,0.0325,0.0089,100,3584
deepseek-ai/DeepSeek-R1-Distill-Qwen-7B,prontoqa,10,last,raw,0.1216,0.0329,0.0748,0.0395,-0.042,,-0.0821,0.0067,100,3584
deepseek-ai/DeepSeek-R1-Distill-Qwen-7B,prontoqa,10,last,pca_only,0.1232,0.2167,0.0745,0.1462,0.1422,0.6575,0.023,0.0067,100,3584
deepseek-ai/DeepSeek-R1-Distill-Qwen-7B,prontoqa,10,last,per_cloud,0.1251,0.2168,0.1122,0.1501,0.1045,0.8768,0.025,0.0104,100,3584
deepseek-ai/DeepSeek-R1-Distill-Qwen-7B,prontoqa,10,last,background,0.1217,0.124,0.073,0.1377,0.0511,0.045,0.0159,0.0085,100,3584
deepseek-ai/DeepSeek-R1-Distill-Qwen-7B,prontoqa,10,all,raw,0.2089,0.0329,0.0748,0.0534,-0.042,,-0.1555,0.0101,100,3584
deepseek-ai/DeepSeek-R1-Distill-Qwen-7B,prontoqa,10,all,pca_only,0.2285,0.2167,0.0745,0.1289,0.1422,-0.0831,-0.0996,0.0098,100,3584
deepseek-ai/DeepSeek-R1-Distill-Qwen-7B,prontoqa,10,all,per_cloud,0.1996,0.2168,0.1122,0.1602,0.1045,0.1647,-0.0394,0.0051,100,3584
deepseek-ai/DeepSeek-R1-Distill-Qwen-7B,prontoqa,10,all,background,0.1915,0.124,0.073,0.0868,0.0511,-1.3201,-0.1046,0.0117,100,3584
deepseek-ai/DeepSeek-R1-Distill-Qwen-7B,prontoqa,11,input,raw,0.2764,0.0329,0.0748,0.112,-0.042,,-0.1644,0.012,100,3584
deepseek-ai/DeepSeek-R1-Distill-Qwen-7B,prontoqa,11,input,pca_only,0.2819,0.2167,0.0745,0.1084,0.1422,-0.4589,-0.1735,0.012,100,3584
deepseek-ai/DeepSeek-R1-Distill-Qwen-7B,prontoqa,11,input,per_cloud,0.2017,0.2168,0.1122,0.1266,0.1045,0.1442,-0.0751,0.0054,100,3584
deepseek-ai/DeepSeek-R1-Distill-Qwen-7B,prontoqa,11,input,background,0.2347,0.1282,0.0585,0.0801,0.0698,-1.5267,-0.1546,0.0077,100,3584
deepseek-ai/DeepSeek-R1-Distill-Qwen-7B,prontoqa,11,generated,raw,0.2126,0.0329,0.0748,0.0448,-0.042,,-0.1678,0.0098,100,3584
deepseek-ai/DeepSeek-R1-Distill-Qwen-7B,prontoqa,11,generated,pca_only,0.2303,0.2167,0.0745,0.1353,0.1422,-0.0961,-0.095,0.0091,100,3584
deepseek-ai/DeepSeek-R1-Distill-Qwen-7B,prontoqa,11,generated,per_cloud,0.1916,0.2168,0.1122,0.1659,0.1045,0.2412,-0.0256,0.0061,100,3584
deepseek-ai/DeepSeek-R1-Distill-Qwen-7B,prontoqa,11,generated,background,0.2005,0.1282,0.0585,0.0927,0.0698,-1.0366,-0.1078,0.0104,100,3584
deepseek-ai/DeepSeek-R1-Distill-Qwen-7B,prontoqa,11,thinking,raw,0.1619,0.0329,0.0748,0.0705,-0.042,,-0.0915,0.0073,100,3584
deepseek-ai/DeepSeek-R1-Distill-Qwen-7B,prontoqa,11,thinking,pca_only,0.1718,0.2167,0.0745,0.1376,0.1422,0.3158,-0.0342,0.0069,100,3584
deepseek-ai/DeepSeek-R1-Distill-Qwen-7B,prontoqa,11,thinking,per_cloud,0.1655,0.2168,0.1122,0.1039,0.1045,0.4901,-0.0616,0.008,100,3584
deepseek-ai/DeepSeek-R1-Distill-Qwen-7B,prontoqa,11,thinking,background,0.1784,0.1282,0.0585,0.2032,0.0698,-0.7193,0.0248,0.0099,100,3584
deepseek-ai/DeepSeek-R1-Distill-Qwen-7B,prontoqa,11,last,raw,0.1259,0.0329,0.0748,0.0409,-0.042,,-0.085,0.0059,100,3584
deepseek-ai/DeepSeek-R1-Distill-Qwen-7B,prontoqa,11,last,pca_only,0.1264,0.2167,0.0745,0.1499,0.1422,0.6348,0.0235,0.0057,100,3584
deepseek-ai/DeepSeek-R1-Distill-Qwen-7B,prontoqa,11,last,per_cloud,0.1257,0.2168,0.1122,0.1533,0.1045,0.8711,0.0276,0.0116,100,3584
deepseek-ai/DeepSeek-R1-Distill-Qwen-7B,prontoqa,11,last,background,0.1059,0.1282,0.0585,0.147,0.0698,0.3201,0.0412,0.0104,100,3584
deepseek-ai/DeepSeek-R1-Distill-Qwen-7B,prontoqa,11,all,raw,0.2184,0.0329,0.0748,0.0495,-0.042,,-0.1689,0.0111,100,3584
deepseek-ai/DeepSeek-R1-Distill-Qwen-7B,prontoqa,11,all,pca_only,0.2366,0.2167,0.0745,0.1197,0.1422,-0.1402,-0.1169,0.0108,100,3584
deepseek-ai/DeepSeek-R1-Distill-Qwen-7B,prontoqa,11,all,per_cloud,0.1967,0.2168,0.1122,0.158,0.1045,0.1925,-0.0386,0.0053,100,3584
deepseek-ai/DeepSeek-R1-Distill-Qwen-7B,prontoqa,11,all,background,0.1967,0.1282,0.0585,0.0889,0.0698,-0.9822,-0.1078,0.0106,100,3584
deepseek-ai/DeepSeek-R1-Distill-Qwen-7B,prontoqa,12,input,raw,0.1859,0.0329,0.0748,0.1182,-0.042,,-0.0678,0.0088,100,3584
deepseek-ai/DeepSeek-R1-Distill-Qwen-7B,prontoqa,12,input,pca_only,0.1937,0.2167,0.0745,0.0938,0.1422,0.1614,-0.0999,0.0089,100,3584
deepseek-ai/DeepSeek-R1-Distill-Qwen-7B,prontoqa,12,input,per_cloud,0.2012,0.2168,0.1122,0.1347,0.1045,0.1488,-0.0665,0.005,100,3584
deepseek-ai/DeepSeek-R1-Distill-Qwen-7B,prontoqa,12,input,background,0.2301,0.1325,0.0598,0.0639,0.0727,-1.342,-0.1662,0.0087,100,3584
deepseek-ai/DeepSeek-R1-Distill-Qwen-7B,prontoqa,12,generated,raw,0.2216,0.0329,0.0748,0.0454,-0.042,,-0.1762,0.0099,100,3584
deepseek-ai/DeepSeek-R1-Distill-Qwen-7B,prontoqa,12,generated,pca_only,0.2383,0.2167,0.0745,0.1316,0.1422,-0.1525,-0.1067,0.0094,100,3584
deepseek-ai/DeepSeek-R1-Distill-Qwen-7B,prontoqa,12,generated,per_cloud,0.1923,0.2168,0.1122,0.1705,0.1045,0.2345,-0.0217,0.0058,100,3584
deepseek-ai/DeepSeek-R1-Distill-Qwen-7B,prontoqa,12,generated,background,0.204,0.1325,0.0598,0.0843,0.0727,-0.9833,-0.1197,0.0093,100,3584
deepseek-ai/DeepSeek-R1-Distill-Qwen-7B,prontoqa,12,thinking,raw,0.1641,0.0329,0.0748,0.0676,-0.042,,-0.0965,0.008,100,3584
deepseek-ai/DeepSeek-R1-Distill-Qwen-7B,prontoqa,12,thinking,pca_only,0.1754,0.2167,0.0745,0.1417,0.1422,0.2901,-0.0337,0.0079,100,3584
deepseek-ai/DeepSeek-R1-Distill-Qwen-7B,prontoqa,12,thinking,per_cloud,0.1646,0.2168,0.1122,0.1068,0.1045,0.4994,-0.0577,0.0085,100,3584
deepseek-ai/DeepSeek-R1-Distill-Qwen-7B,prontoqa,12,thinking,background,0.181,0.1325,0.0598,0.1973,0.0727,-0.6676,0.0163,0.0101,100,3584
deepseek-ai/DeepSeek-R1-Distill-Qwen-7B,prontoqa,12,last,raw,0.1217,0.0329,0.0748,0.0413,-0.042,,-0.0804,0.007,100,3584
deepseek-ai/DeepSeek-R1-Distill-Qwen-7B,prontoqa,12,last,pca_only,0.1235,0.2167,0.0745,0.153,0.1422,0.6555,0.0295,0.007,100,3584
deepseek-ai/DeepSeek-R1-Distill-Qwen-7B,prontoqa,12,last,per_cloud,0.1279,0.2168,0.1122,0.1539,0.1045,0.8504,0.026,0.011,100,3584
deepseek-ai/DeepSeek-R1-Distill-Qwen-7B,prontoqa,12,last,background,0.1218,0.1325,0.0598,0.1456,0.0727,0.1476,0.0239,0.0104,100,3584
deepseek-ai/DeepSeek-R1-Distill-Qwen-7B,prontoqa,12,all,raw,0.2253,0.0329,0.0748,0.052,-0.042,,-0.1732,0.0115,100,3584
deepseek-ai/DeepSeek-R1-Distill-Qwen-7B,prontoqa,12,all,pca_only,0.242,0.2167,0.0745,0.1154,0.1422,-0.1784,-0.1266,0.0105,100,3584
deepseek-ai/DeepSeek-R1-Distill-Qwen-7B,prontoqa,12,all,per_cloud,0.1953,0.2168,0.1122,0.1613,0.1045,0.2052,-0.034,0.0055,100,3584
deepseek-ai/DeepSeek-R1-Distill-Qwen-7B,prontoqa,12,all,background,0.1987,0.1325,0.0598,0.0824,0.0727,-0.9102,-0.1163,0.0096,100,3584
deepseek-ai/DeepSeek-R1-Distill-Qwen-7B,prontoqa,13,input,raw,0.1741,0.0329,0.0748,0.1055,-0.042,,-0.0685,0.0086,100,3584
deepseek-ai/DeepSeek-R1-Distill-Qwen-7B,prontoqa,13,input,pca_only,0.1821,0.2167,0.0745,0.0808,0.1422,0.2428,-0.1014,0.0088,100,3584
deepseek-ai/DeepSeek-R1-Distill-Qwen-7B,prontoqa,13,input,per_cloud,0.1984,0.2168,0.1122,0.1342,0.1045,0.1753,-0.0642,0.0055,100,3584
deepseek-ai/DeepSeek-R1-Distill-Qwen-7B,prontoqa,13,input,background,0.224,0.1299,0.0522,0.0641,0.0777,-1.2115,-0.1599,0.0084,100,3584
deepseek-ai/DeepSeek-R1-Distill-Qwen-7B,prontoqa,13,generated,raw,0.2253,0.0329,0.0748,0.0455,-0.042,,-0.1798,0.0097,100,3584
deepseek-ai/DeepSeek-R1-Distill-Qwen-7B,prontoqa,13,generated,pca_only,0.2414,0.2167,0.0745,0.1282,0.1422,-0.1743,-0.1133,0.0089,100,3584
deepseek-ai/DeepSeek-R1-Distill-Qwen-7B,prontoqa,13,generated,per_cloud,0.1923,0.2168,0.1122,0.1726,0.1045,0.2343,-0.0197,0.006,100,3584
deepseek-ai/DeepSeek-R1-Distill-Qwen-7B,prontoqa,13,generated,background,0.2039,0.1299,0.0522,0.0909,0.0777,-0.9534,-0.113,0.0087,100,3584
deepseek-ai/DeepSeek-R1-Distill-Qwen-7B,prontoqa,13,thinking,raw,0.1658,0.0329,0.0748,0.0666,-0.042,,-0.0992,0.0073,100,3584
deepseek-ai/DeepSeek-R1-Distill-Qwen-7B,prontoqa,13,thinking,pca_only,0.177,0.2167,0.0745,0.1417,0.1422,0.2792,-0.0352,0.0067,100,3584
deepseek-ai/DeepSeek-R1-Distill-Qwen-7B,prontoqa,13,thinking,per_cloud,0.1625,0.2168,0.1122,0.1071,0.1045,0.5195,-0.0553,0.0084,100,3584
deepseek-ai/DeepSeek-R1-Distill-Qwen-7B,prontoqa,13,thinking,background,0.1765,0.1299,0.0522,0.2121,0.0777,-0.601,0.0355,0.0095,100,3584
deepseek-ai/DeepSeek-R1-Distill-Qwen-7B,prontoqa,13,last,raw,0.1227,0.0329,0.0748,0.0398,-0.042,,-0.0829,0.0082,100,3584
deepseek-ai/DeepSeek-R1-Distill-Qwen-7B,prontoqa,13,last,pca_only,0.1248,0.2167,0.0745,0.1549,0.1422,0.6464,0.0302,0.0082,100,3584
deepseek-ai/DeepSeek-R1-Distill-Qwen-7B,prontoqa,13,last,per_cloud,0.1274,0.2168,0.1122,0.1537,0.1045,0.8552,0.0263,0.0099,100,3584
deepseek-ai/DeepSeek-R1-Distill-Qwen-7B,prontoqa,13,last,background,0.1649,0.1299,0.0522,0.1349,0.0777,-0.4505,-0.03,0.0083,100,3584
deepseek-ai/DeepSeek-R1-Distill-Qwen-7B,prontoqa,13,all,raw,0.2298,0.0329,0.0748,0.0539,-0.042,,-0.1759,0.0111,100,3584
deepseek-ai/DeepSeek-R1-Distill-Qwen-7B,prontoqa,13,all,pca_only,0.2455,0.2167,0.0745,0.112,0.1422,-0.2027,-0.1335,0.0111,100,3584
deepseek-ai/DeepSeek-R1-Distill-Qwen-7B,prontoqa,13,all,per_cloud,0.1951,0.2168,0.1122,0.1623,0.1045,0.2074,-0.0328,0.0061,100,3584
deepseek-ai/DeepSeek-R1-Distill-Qwen-7B,prontoqa,13,all,background,0.2007,0.1299,0.0522,0.0884,0.0777,-0.9119,-0.1123,0.0087,100,3584
deepseek-ai/DeepSeek-R1-Distill-Qwen-7B,prontoqa,14,input,raw,0.1634,0.0329,0.0748,0.0996,-0.042,,-0.0639,0.0085,100,3584
deepseek-ai/DeepSeek-R1-Distill-Qwen-7B,prontoqa,14,input,pca_only,0.1705,0.2167,0.0745,0.0727,0.1422,0.325,-0.0977,0.0087,100,3584
deepseek-ai/DeepSeek-R1-Distill-Qwen-7B,prontoqa,14,input,per_cloud,0.1978,0.2168,0.1122,0.1345,0.1045,0.1812,-0.0633,0.0062,100,3584
deepseek-ai/DeepSeek-R1-Distill-Qwen-7B,prontoqa,14,input,background,0.2227,0.1276,0.0656,0.0886,0.062,-1.5325,-0.134,0.0081,100,3584
deepseek-ai/DeepSeek-R1-Distill-Qwen-7B,prontoqa,14,generated,raw,0.2317,0.0329,0.0748,0.0448,-0.042,,-0.187,0.0098,100,3584
deepseek-ai/DeepSeek-R1-Distill-Qwen-7B,prontoqa,14,generated,pca_only,0.247,0.2167,0.0745,0.1242,0.1422,-0.2137,-0.1228,0.0093,100,3584
deepseek-ai/DeepSeek-R1-Distill-Qwen-7B,prontoqa,14,generated,per_cloud,0.1892,0.2168,0.1122,0.1684,0.1045,0.264,-0.0208,0.0058,100,3584
deepseek-ai/DeepSeek-R1-Distill-Qwen-7B,prontoqa,14,generated,background,0.2008,0.1276,0.0656,0.0889,0.062,-1.1801,-0.1119,0.0091,100,3584
deepseek-ai/DeepSeek-R1-Distill-Qwen-7B,prontoqa,14,thinking,raw,0.164,0.0329,0.0748,0.0653,-0.042,,-0.0987,0.0079,100,3584
deepseek-ai/DeepSeek-R1-Distill-Qwen-7B,prontoqa,14,thinking,pca_only,0.1764,0.2167,0.0745,0.1407,0.1422,0.2829,-0.0357,0.0076,100,3584
deepseek-ai/DeepSeek-R1-Distill-Qwen-7B,prontoqa,14,thinking,per_cloud,0.1622,0.2168,0.1122,0.1102,0.1045,0.5222,-0.052,0.0095,100,3584
deepseek-ai/DeepSeek-R1-Distill-Qwen-7B,prontoqa,14,thinking,background,0.1816,0.1276,0.0656,0.1908,0.062,-0.8698,0.0092,0.0082,100,3584
deepseek-ai/DeepSeek-R1-Distill-Qwen-7B,prontoqa,14,last,raw,0.1136,0.0329,0.0748,0.0394,-0.042,,-0.0742,0.0071,100,3584
deepseek-ai/DeepSeek-R1-Distill-Qwen-7B,prontoqa,14,last,pca_only,0.1161,0.2167,0.0745,0.1564,0.1422,0.7075,0.0403,0.0072,100,3584
deepseek-ai/DeepSeek-R1-Distill-Qwen-7B,prontoqa,14,last,per_cloud,0.1266,0.2168,0.1122,0.1547,0.1045,0.8624,0.028,0.0094,100,3584
deepseek-ai/DeepSeek-R1-Distill-Qwen-7B,prontoqa,14,last,background,0.1429,0.1276,0.0656,0.1312,0.062,-0.2467,-0.0118,0.0071,100,3584
deepseek-ai/DeepSeek-R1-Distill-Qwen-7B,prontoqa,14,all,raw,0.2373,0.0329,0.0748,0.0522,-0.042,,-0.1851,0.0117,100,3584
deepseek-ai/DeepSeek-R1-Distill-Qwen-7B,prontoqa,14,all,pca_only,0.2519,0.2167,0.0745,0.1079,0.1422,-0.248,-0.144,0.0117,100,3584
deepseek-ai/DeepSeek-R1-Distill-Qwen-7B,prontoqa,14,all,per_cloud,0.1901,0.2168,0.1122,0.1582,0.1045,0.2547,-0.0319,0.0063,100,3584
deepseek-ai/DeepSeek-R1-Distill-Qwen-7B,prontoqa,14,all,background,0.1976,0.1276,0.0656,0.0875,0.062,-1.1288,-0.1101,0.0099,100,3584
deepseek-ai/DeepSeek-R1-Distill-Qwen-7B,prontoqa,15,input,raw,0.1573,0.0329,0.0748,0.0962,-0.042,,-0.0611,0.0082,100,3584
deepseek-ai/DeepSeek-R1-Distill-Qwen-7B,prontoqa,15,input,pca_only,0.1649,0.2167,0.0745,0.0694,0.1422,0.3641,-0.0955,0.0085,100,3584
deepseek-ai/DeepSeek-R1-Distill-Qwen-7B,prontoqa,15,input,per_cloud,0.1998,0.2168,0.1122,0.1354,0.1045,0.1621,-0.0644,0.0064,100,3584
deepseek-ai/DeepSeek-R1-Distill-Qwen-7B,prontoqa,15,input,background,0.2172,0.1258,0.0509,0.0847,0.0749,-1.2209,-0.1325,0.0082,100,3584
deepseek-ai/DeepSeek-R1-Distill-Qwen-7B,prontoqa,15,generated,raw,0.2384,0.0329,0.0748,0.0461,-0.042,,-0.1923,0.0099,100,3584
deepseek-ai/DeepSeek-R1-Distill-Qwen-7B,prontoqa,15,generated,pca_only,0.2533,0.2167,0.0745,0.1251,0.1422,-0.2579,-0.1282,0.0106,100,3584
deepseek-ai/DeepSeek-R1-Distill-Qwen-7B,prontoqa,15,generated,per_cloud,0.1893,0.2168,0.1122,0.1662,0.1045,0.2624,-0.0232,0.0054,100,3584
deepseek-ai/DeepSeek-R1-Distill-Qwen-7B,prontoqa,15,generated,background,0.2072,0.1258,0.0509,0.0921,0.0749,-1.0878,-0.1151,0.0094,100,3584
deepseek-ai/DeepSeek-R1-Distill-Qwen-7B,prontoqa,15,thinking,raw,0.1654,0.0329,0.0748,0.0651,-0.042,,-0.1003,0.0075,100,3584
deepseek-ai/DeepSeek-R1-Distill-Qwen-7B,prontoqa,15,thinking,pca_only,0.1775,0.2167,0.0745,0.1396,0.1422,0.2751,-0.038,0.0074,100,3584
deepseek-ai/DeepSeek-R1-Distill-Qwen-7B,prontoqa,15,thinking,per_cloud,0.1592,0.2168,0.1122,0.109,0.1045,0.5512,-0.0501,0.0092,100,3584
deepseek-ai/DeepSeek-R1-Distill-Qwen-7B,prontoqa,15,thinking,background,0.1702,0.1258,0.0509,0.209,0.0749,-0.5937,0.0387,0.0081,100,3584
deepseek-ai/DeepSeek-R1-Distill-Qwen-7B,prontoqa,15,last,raw,0.1232,0.0329,0.0748,0.0405,-0.042,,-0.0827,0.0081,100,3584
deepseek-ai/DeepSeek-R1-Distill-Qwen-7B,prontoqa,15,last,pca_only,0.125,0.2167,0.0745,0.1543,0.1422,0.6447,0.0293,0.0079,100,3584
deepseek-ai/DeepSeek-R1-Distill-Qwen-7B,prontoqa,15,last,per_cloud,0.1351,0.2168,0.1122,0.153,0.1045,0.7811,0.0179,0.0079,100,3584
deepseek-ai/DeepSeek-R1-Distill-Qwen-7B,prontoqa,15,last,background,0.1405,0.1258,0.0509,0.137,0.0749,-0.1967,-0.0035,0.01,100,3584
deepseek-ai/DeepSeek-R1-Distill-Qwen-7B,prontoqa,15,all,raw,0.2428,0.0329,0.0748,0.0502,-0.042,,-0.1926,0.0122,100,3584
deepseek-ai/DeepSeek-R1-Distill-Qwen-7B,prontoqa,15,all,pca_only,0.2569,0.2167,0.0745,0.1068,0.1422,-0.2829,-0.1501,0.0112,100,3584
deepseek-ai/DeepSeek-R1-Distill-Qwen-7B,prontoqa,15,all,per_cloud,0.1871,0.2168,0.1122,0.1561,0.1045,0.284,-0.031,0.0058,100,3584
deepseek-ai/DeepSeek-R1-Distill-Qwen-7B,prontoqa,15,all,background,0.2028,0.1258,0.0509,0.091,0.0749,-1.0282,-0.1118,0.0097,100,3584
deepseek-ai/DeepSeek-R1-Distill-Qwen-7B,prontoqa,16,input,raw,0.1444,0.0329,0.0748,0.0845,-0.042,,-0.0599,0.0188,100,3584
deepseek-ai/DeepSeek-R1-Distill-Qwen-7B,prontoqa,16,input,pca_only,0.1518,0.2167,0.0745,0.0935,0.1422,0.4564,-0.0583,0.018,100,3584
deepseek-ai/DeepSeek-R1-Distill-Qwen-7B,prontoqa,16,input,per_cloud,0.1934,0.2168,0.1122,0.1384,0.1045,0.2233,-0.055,0.0092,100,3584
deepseek-ai/DeepSeek-R1-Distill-Qwen-7B,prontoqa,16,input,background,0.1751,0.1273,0.0635,0.1025,0.0638,-0.7486,-0.0726,0.0181,100,3584
deepseek-ai/DeepSeek-R1-Distill-Qwen-7B,prontoqa,16,generated,raw,0.2361,0.0329,0.0748,0.044,-0.042,,-0.1921,0.0105,100,3584
deepseek-ai/DeepSeek-R1-Distill-Qwen-7B,prontoqa,16,generated,pca_only,0.2502,0.2167,0.0745,0.1313,0.1422,-0.2357,-0.1189,0.01,100,3584
deepseek-ai/DeepSeek-R1-Distill-Qwen-7B,prontoqa,16,generated,per_cloud,0.1866,0.2168,0.1122,0.1658,0.1045,0.2888,-0.0208,0.0051,100,3584
deepseek-ai/DeepSeek-R1-Distill-Qwen-7B,prontoqa,16,generated,background,0.2036,0.1273,0.0635,0.0974,0.0638,-1.1962,-0.1062,0.009,100,3584
deepseek-ai/DeepSeek-R1-Distill-Qwen-7B,prontoqa,16,thinking,raw,0.1635,0.0329,0.0748,0.065,-0.042,,-0.0985,0.0073,100,3584
deepseek-ai/DeepSeek-R1-Distill-Qwen-7B,prontoqa,16,thinking,pca_only,0.1743,0.2167,0.0745,0.1405,0.1422,0.2978,-0.0338,0.0074,100,3584
deepseek-ai/DeepSeek-R1-Distill-Qwen-7B,prontoqa,16,thinking,per_cloud,0.1601,0.2168,0.1122,0.1143,0.1045,0.5424,-0.0458,0.0089,100,3584
deepseek-ai/DeepSeek-R1-Distill-Qwen-7B,prontoqa,16,thinking,background,0.1731,0.1273,0.0635,0.2029,0.0638,-0.7184,0.0298,0.008,100,3584
deepseek-ai/DeepSeek-R1-Distill-Qwen-7B,prontoqa,16,last,raw,0.13,0.0329,0.0748,0.0419,-0.042,,-0.0881,0.0087,100,3584
deepseek-ai/DeepSeek-R1-Distill-Qwen-7B,prontoqa,16,last,pca_only,0.1324,0.2167,0.0745,0.1614,0.1422,0.5926,0.029,0.0086,100,3584
deepseek-ai/DeepSeek-R1-Distill-Qwen-7B,prontoqa,16,last,per_cloud,0.1317,0.2168,0.1122,0.1564,0.1045,0.8135,0.0247,0.0083,100,3584
deepseek-ai/DeepSeek-R1-Distill-Qwen-7B,prontoqa,16,last,background,0.1789,0.1273,0.0635,0.1388,0.0638,-0.8094,-0.0402,0.0079,100,3584
deepseek-ai/DeepSeek-R1-Distill-Qwen-7B,prontoqa,16,all,raw,0.2443,0.0329,0.0748,0.0493,-0.042,,-0.195,0.0108,100,3584
deepseek-ai/DeepSeek-R1-Distill-Qwen-7B,prontoqa,16,all,pca_only,0.2589,0.2167,0.0745,0.1176,0.1422,-0.2971,-0.1413,0.0102,100,3584
deepseek-ai/DeepSeek-R1-Distill-Qwen-7B,prontoqa,16,all,per_cloud,0.1887,0.2168,0.1122,0.1585,0.1045,0.2688,-0.0302,0.0055,100,3584
deepseek-ai/DeepSeek-R1-Distill-Qwen-7B,prontoqa,16,all,background,0.2004,0.1273,0.0635,0.0946,0.0638,-1.1452,-0.1058,0.0091,100,3584
deepseek-ai/DeepSeek-R1-Distill-Qwen-7B,prontoqa,17,input,raw,0.2135,0.0329,0.0748,0.0912,-0.042,,-0.1223,0.0519,100,3584
deepseek-ai/DeepSeek-R1-Distill-Qwen-7B,prontoqa,17,input,pca_only,0.219,0.2167,0.0745,0.0915,0.1422,-0.0164,-0.1275,0.0509,100,3584
deepseek-ai/DeepSeek-R1-Distill-Qwen-7B,prontoqa,17,input,per_cloud,0.2005,0.2168,0.1122,0.0985,0.1045,0.1557,-0.102,0.0052,100,3584
deepseek-ai/DeepSeek-R1-Distill-Qwen-7B,prontoqa,17,input,background,0.2036,0.1277,0.0631,0.0846,0.0646,-1.1744,-0.119,0.0105,100,3584
deepseek-ai/DeepSeek-R1-Distill-Qwen-7B,prontoqa,17,generated,raw,0.2371,0.0329,0.0748,0.0451,-0.042,,-0.192,0.0107,100,3584
deepseek-ai/DeepSeek-R1-Distill-Qwen-7B,prontoqa,17,generated,pca_only,0.2511,0.2167,0.0745,0.1338,0.1422,-0.2424,-0.1174,0.0112,100,3584
deepseek-ai/DeepSeek-R1-Distill-Qwen-7B,prontoqa,17,generated,per_cloud,0.1846,0.2168,0.1122,0.1696,0.1045,0.3078,-0.015,0.0058,100,3584
deepseek-ai/DeepSeek-R1-Distill-Qwen-7B,prontoqa,17,generated,background,0.2127,0.1277,0.0631,0.0935,0.0646,-1.3161,-0.1193,0.0106,100,3584
deepseek-ai/DeepSeek-R1-Distill-Qwen-7B,prontoqa,17,thinking,raw,0.1649,0.0329,0.0748,0.0655,-0.042,,-0.0994,0.0083,100,3584
deepseek-ai/DeepSeek-R1-Distill-Qwen-7B,prontoqa,17,thinking,pca_only,0.1769,0.2167,0.0745,0.1436,0.1422,0.2798,-0.0333,0.0083,100,3584
deepseek-ai/DeepSeek-R1-Distill-Qwen-7B,prontoqa,17,thinking,per_cloud,0.1604,0.2168,0.1122,0.1228,0.1045,0.5395,-0.0376,0.0089,100,3584
deepseek-ai/DeepSeek-R1-Distill-Qwen-7B,prontoqa,17,thinking,background,0.1804,0.1277,0.0631,0.1828,0.0646,-0.815,0.0025,0.0084,100,3584
deepseek-ai/DeepSeek-R1-Distill-Qwen-7B,prontoqa,17,last,raw,0.131,0.0329,0.0748,0.0421,-0.042,,-0.0889,0.0091,100,3584
deepseek-ai/DeepSeek-R1-Distill-Qwen-7B,prontoqa,17,last,pca_only,0.1341,0.2167,0.0745,0.1667,0.1422,0.5804,0.0325,0.0089,100,3584
deepseek-ai/DeepSeek-R1-Distill-Qwen-7B,prontoqa,17,last,per_cloud,0.1326,0.2168,0.1122,0.1615,0.1045,0.805,0.0289,0.0077,100,3584
deepseek-ai/DeepSeek-R1-Distill-Qwen-7B,prontoqa,17,last,background,0.183,0.1277,0.0631,0.1379,0.0646,-0.8557,-0.0451,0.0077,100,3584
deepseek-ai/DeepSeek-R1-Distill-Qwen-7B,prontoqa,17,all,raw,0.2472,0.0329,0.0748,0.0496,-0.042,,-0.1976,0.0105,100,3584
deepseek-ai/DeepSeek-R1-Distill-Qwen-7B,prontoqa,17,all,pca_only,0.2618,0.2167,0.0745,0.1197,0.1422,-0.3175,-0.142,0.0105,100,3584
deepseek-ai/DeepSeek-R1-Distill-Qwen-7B,prontoqa,17,all,per_cloud,0.1868,0.2168,0.1122,0.1645,0.1045,0.287,-0.0223,0.0059,100,3584
deepseek-ai/DeepSeek-R1-Distill-Qwen-7B,prontoqa,17,all,background,0.2088,0.1277,0.0631,0.09,0.0646,-1.2554,-0.1188,0.0107,100,3584
deepseek-ai/DeepSeek-R1-Distill-Qwen-7B,prontoqa,18,input,raw,0.3408,0.0329,0.0748,0.0886,-0.042,,-0.2522,0.0148,100,3584
deepseek-ai/DeepSeek-R1-Distill-Qwen-7B,prontoqa,18,input,pca_only,0.3491,0.2167,0.0745,0.0965,0.1422,-0.932,-0.2526,0.0149,100,3584
deepseek-ai/DeepSeek-R1-Distill-Qwen-7B,prontoqa,18,input,per_cloud,0.202,0.2168,0.1122,0.0998,0.1045,0.1417,-0.1022,0.0048,100,3584
deepseek-ai/DeepSeek-R1-Distill-Qwen-7B,prontoqa,18,input,background,0.205,0.1231,0.0583,0.0813,0.0649,-1.2619,-0.1237,0.0096,100,3584
deepseek-ai/DeepSeek-R1-Distill-Qwen-7B,prontoqa,18,generated,raw,0.2373,0.0329,0.0748,0.0454,-0.042,,-0.1918,0.0108,100,3584
deepseek-ai/DeepSeek-R1-Distill-Qwen-7B,prontoqa,18,generated,pca_only,0.2524,0.2167,0.0745,0.1361,0.1422,-0.2515,-0.1163,0.0103,100,3584
deepseek-ai/DeepSeek-R1-Distill-Qwen-7B,prontoqa,18,generated,per_cloud,0.1856,0.2168,0.1122,0.1685,0.1045,0.2985,-0.017,0.0039,100,3584
deepseek-ai/DeepSeek-R1-Distill-Qwen-7B,prontoqa,18,generated,background,0.2211,0.1231,0.0583,0.1013,0.0649,-1.5101,-0.1198,0.0098,100,3584
deepseek-ai/DeepSeek-R1-Distill-Qwen-7B,prontoqa,18,thinking,raw,0.1669,0.0329,0.0748,0.0658,-0.042,,-0.1011,0.009,100,3584
deepseek-ai/DeepSeek-R1-Distill-Qwen-7B,prontoqa,18,thinking,pca_only,0.1812,0.2167,0.0745,0.1448,0.1422,0.2494,-0.0364,0.0089,100,3584
deepseek-ai/DeepSeek-R1-Distill-Qwen-7B,prontoqa,18,thinking,per_cloud,0.1582,0.2168,0.1122,0.1303,0.1045,0.5604,-0.0278,0.0092,100,3584
deepseek-ai/DeepSeek-R1-Distill-Qwen-7B,prontoqa,18,thinking,background,0.1857,0.1231,0.0583,0.1677,0.0649,-0.9652,-0.0181,0.0102,100,3584
deepseek-ai/DeepSeek-R1-Distill-Qwen-7B,prontoqa,18,last,raw,0.1365,0.0329,0.0748,0.0442,-0.042,,-0.0923,0.01,100,3584
deepseek-ai/DeepSeek-R1-Distill-Qwen-7B,prontoqa,18,last,pca_only,0.1401,0.2167,0.0745,0.167,0.1422,0.5384,0.0269,0.0098,100,3584
deepseek-ai/DeepSeek-R1-Distill-Qwen-7B,prontoqa,18,last,per_cloud,0.1372,0.2168,0.1122,0.1624,0.1045,0.761,0.0252,0.0085,100,3584
deepseek-ai/DeepSeek-R1-Distill-Qwen-7B,prontoqa,18,last,background,0.1815,0.1231,0.0583,0.1431,0.0649,-0.9001,-0.0384,0.0104,100,3584
deepseek-ai/DeepSeek-R1-Distill-Qwen-7B,prontoqa,18,all,raw,0.2448,0.0329,0.0748,0.0498,-0.042,,-0.195,0.0105,100,3584
deepseek-ai/DeepSeek-R1-Distill-Qwen-7B,prontoqa,18,all,pca_only,0.2589,0.2167,0.0745,0.1273,0.1422,-0.2973,-0.1316,0.0107,100,3584
deepseek-ai/DeepSeek-R1-Distill-Qwen-7B,prontoqa,18,all,per_cloud,0.1869,0.2168,0.1122,0.1639,0.1045,0.2861,-0.023,0.0049,100,3584
deepseek-ai/DeepSeek-R1-Distill-Qwen-7B,prontoqa,18,all,background,0.2171,0.1231,0.0583,0.1008,0.0649,-1.4493,-0.1163,0.0096,100,3584
deepseek-ai/DeepSeek-R1-Distill-Qwen-7B,prontoqa,19,input,raw,0.1952,0.0329,0.0748,0.0904,-0.042,,-0.1048,0.0375,100,3584
deepseek-ai/DeepSeek-R1-Distill-Qwen-7B,prontoqa,19,input,pca_only,0.202,0.2167,0.0745,0.0773,0.1422,0.1031,-0.1247,0.0382,100,3584
deepseek-ai/DeepSeek-R1-Distill-Qwen-7B,prontoqa,19,input,per_cloud,0.1944,0.2168,0.1122,0.1306,0.1045,0.2139,-0.0638,0.0058,100,3584
deepseek-ai/DeepSeek-R1-Distill-Qwen-7B,prontoqa,19,input,background,0.1991,0.1258,0.0462,0.1034,0.0797,-0.9204,-0.0957,0.0098,100,3584
deepseek-ai/DeepSeek-R1-Distill-Qwen-7B,prontoqa,19,generated,raw,0.236,0.0329,0.0748,0.0454,-0.042,,-0.1907,0.0122,100,3584
deepseek-ai/DeepSeek-R1-Distill-Qwen-7B,prontoqa,19,generated,pca_only,0.249,0.2167,0.0745,0.1399,0.1422,-0.2277,-0.1092,0.0124,100,3584
deepseek-ai/DeepSeek-R1-Distill-Qwen-7B,prontoqa,19,generated,per_cloud,0.1844,0.2168,0.1122,0.1672,0.1045,0.3099,-0.0172,0.0056,100,3584
deepseek-ai/DeepSeek-R1-Distill-Qwen-7B,prontoqa,19,generated,background,0.2118,0.1258,0.0462,0.1035,0.0797,-1.0795,-0.1083,0.0094,100,3584
deepseek-ai/DeepSeek-R1-Distill-Qwen-7B,prontoqa,19,thinking,raw,0.1715,0.0329,0.0748,0.0647,-0.042,,-0.1068,0.0083,100,3584
deepseek-ai/DeepSeek-R1-Distill-Qwen-7B,prontoqa,19,thinking,pca_only,0.1851,0.2167,0.0745,0.1459,0.1422,0.2219,-0.0392,0.0085,100,3584
deepseek-ai/DeepSeek-R1-Distill-Qwen-7B,prontoqa,19,thinking,per_cloud,0.1566,0.2168,0.1122,0.1344,0.1045,0.5759,-0.0222,0.0096,100,3584
deepseek-ai/DeepSeek-R1-Distill-Qwen-7B,prontoqa,19,thinking,background,0.1791,0.1258,0.0462,0.1725,0.0797,-0.6687,-0.0066,0.0068,100,3584
deepseek-ai/DeepSeek-R1-Distill-Qwen-7B,prontoqa,19,last,raw,0.1601,0.0329,0.0748,0.0486,-0.042,,-0.1115,0.0106,100,3584
deepseek-ai/DeepSeek-R1-Distill-Qwen-7B,prontoqa,19,last,pca_only,0.1646,0.2167,0.0745,0.1682,0.1422,0.3662,0.0037,0.0111,100,3584
deepseek-ai/DeepSeek-R1-Distill-Qwen-7B,prontoqa,19,last,per_cloud,0.1333,0.2168,0.1122,0.1643,0.1045,0.7988,0.031,0.0079,100,3584
deepseek-ai/DeepSeek-R1-Distill-Qwen-7B,prontoqa,19,last,background,0.1875,0.1258,0.0462,0.1427,0.0797,-0.7746,-0.0449,0.0146,100,3584
deepseek-ai/DeepSeek-R1-Distill-Qwen-7B,prontoqa,19,all,raw,0.2441,0.0329,0.0748,0.0477,-0.042,,-0.1964,0.011,100,3584
deepseek-ai/DeepSeek-R1-Distill-Qwen-7B,prontoqa,19,all,pca_only,0.2572,0.2167,0.0745,0.132,0.1422,-0.2855,-0.1253,0.0114,100,3584
deepseek-ai/DeepSeek-R1-Distill-Qwen-7B,prontoqa,19,all,per_cloud,0.1826,0.2168,0.1122,0.1681,0.1045,0.3266,-0.0145,0.0055,100,3584
deepseek-ai/DeepSeek-R1-Distill-Qwen-7B,prontoqa,19,all,background,0.2087,0.1258,0.0462,0.1031,0.0797,-1.0406,-0.1056,0.0103,100,3584
deepseek-ai/DeepSeek-R1-Distill-Qwen-7B,prontoqa,20,input,raw,0.2391,0.0329,0.0748,0.1498,-0.042,,-0.0893,0.0189,100,3584
deepseek-ai/DeepSeek-R1-Distill-Qwen-7B,prontoqa,20,input,pca_only,0.2433,0.2167,0.0745,0.1669,0.1422,-0.1871,-0.0763,0.0197,100,3584
deepseek-ai/DeepSeek-R1-Distill-Qwen-7B,prontoqa,20,input,per_cloud,0.1988,0.2168,0.1122,0.1111,0.1045,0.1718,-0.0877,0.0043,100,3584
deepseek-ai/DeepSeek-R1-Distill-Qwen-7B,prontoqa,20,input,background,0.2071,0.1234,0.0565,0.0821,0.0669,-1.251,-0.125,0.0117,100,3584
deepseek-ai/DeepSeek-R1-Distill-Qwen-7B,prontoqa,20,generated,raw,0.2138,0.0329,0.0748,0.0655,-0.042,,-0.1483,0.0118,100,3584
deepseek-ai/DeepSeek-R1-Distill-Qwen-7B,prontoqa,20,generated,pca_only,0.2242,0.2167,0.0745,0.1553,0.1422,-0.0528,-0.0688,0.0121,100,3584
deepseek-ai/DeepSeek-R1-Distill-Qwen-7B,prontoqa,20,generated,per_cloud,0.1829,0.2168,0.1122,0.122,0.1045,0.3242,-0.0608,0.0077,100,3584
deepseek-ai/DeepSeek-R1-Distill-Qwen-7B,prontoqa,20,generated,background,0.1871,0.1234,0.0565,0.1194,0.0669,-0.9524,-0.0677,0.0076,100,3584
deepseek-ai/DeepSeek-R1-Distill-Qwen-7B,prontoqa,20,thinking,raw,0.1616,0.0329,0.0748,0.0683,-0.042,,-0.0932,0.0091,100,3584
deepseek-ai/DeepSeek-R1-Distill-Qwen-7B,prontoqa,20,thinking,pca_only,0.1742,0.2167,0.0745,0.1416,0.1422,0.2986,-0.0326,0.0088,100,3584
deepseek-ai/DeepSeek-R1-Distill-Qwen-7B,prontoqa,20,thinking,per_cloud,0.1573,0.2168,0.1122,0.1157,0.1045,0.5688,-0.0416,0.0084,100,3584
deepseek-ai/DeepSeek-R1-Distill-Qwen-7B,prontoqa,20,thinking,background,0.1706,0.1234,0.0565,0.1725,0.0669,-0.7051,0.0019,0.0062,100,3584
deepseek-ai/DeepSeek-R1-Distill-Qwen-7B,prontoqa,20,last,raw,0.1565,0.0329,0.0748,0.047,-0.042,,-0.1095,0.0109,100,3584
deepseek-ai/DeepSeek-R1-Distill-Qwen-7B,prontoqa,20,last,pca_only,0.1628,0.2167,0.0745,0.1844,0.1422,0.3789,0.0216,0.011,100,3584
deepseek-ai/DeepSeek-R1-Distill-Qwen-7B,prontoqa,20,last,per_cloud,0.1324,0.2168,0.1122,0.1785,0.1045,0.8074,0.0461,0.009,100,3584
deepseek-ai/DeepSeek-R1-Distill-Qwen-7B,prontoqa,20,last,background,0.2023,0.1234,0.0565,0.1392,0.0669,-1.1789,-0.0631,0.0151,100,3584
deepseek-ai/DeepSeek-R1-Distill-Qwen-7B,prontoqa,20,all,raw,0.2201,0.0329,0.0748,0.0654,-0.042,,-0.1546,0.0118,100,3584
deepseek-ai/DeepSeek-R1-Distill-Qwen-7B,prontoqa,20,all,pca_only,0.2301,0.2167,0.0745,0.1597,0.1422,-0.0948,-0.0704,0.0115,100,3584
deepseek-ai/DeepSeek-R1-Distill-Qwen-7B,prontoqa,20,all,per_cloud,0.1854,0.2168,0.1122,0.1263,0.1045,0.2998,-0.0592,0.0075,100,3584
deepseek-ai/DeepSeek-R1-Distill-Qwen-7B,prontoqa,20,all,background,0.1876,0.1234,0.0565,0.1149,0.0669,-0.9592,-0.0727,0.0074,100,3584
deepseek-ai/DeepSeek-R1-Distill-Qwen-7B,prontoqa,21,input,raw,0.1324,0.0329,0.0748,0.1083,-0.042,,-0.024,0.0062,100,3584
deepseek-ai/DeepSeek-R1-Distill-Qwen-7B,prontoqa,21,input,pca_only,0.1371,0.2167,0.0745,0.0738,0.1422,0.5593,-0.0634,0.007,100,3584
deepseek-ai/DeepSeek-R1-Distill-Qwen-7B,prontoqa,21,input,per_cloud,0.1987,0.2168,0.1122,0.1416,0.1045,0.1728,-0.0571,0.0051,100,3584
deepseek-ai/DeepSeek-R1-Distill-Qwen-7B,prontoqa,21,input,background,0.2029,0.1259,0.0455,0.078,0.0805,-0.9562,-0.1249,0.0105,100,3584
deepseek-ai/DeepSeek-R1-Distill-Qwen-7B,prontoqa,21,generated,raw,0.2226,0.0329,0.0748,0.0618,-0.042,,-0.1608,0.0119,100,3584
deepseek-ai/DeepSeek-R1-Distill-Qwen-7B,prontoqa,21,generated,pca_only,0.2342,0.2167,0.0745,0.1549,0.1422,-0.1233,-0.0793,0.0124,100,3584
deepseek-ai/DeepSeek-R1-Distill-Qwen-7B,prontoqa,21,generated,per_cloud,0.1837,0.2168,0.1122,0.1361,0.1045,0.3163,-0.0476,0.0075,100,3584
deepseek-ai/DeepSeek-R1-Distill-Qwen-7B,prontoqa,21,generated,background,0.1875,0.1259,0.0455,0.1145,0.0805,-0.765,-0.073,0.0075,100,3584
deepseek-ai/DeepSeek-R1-Distill-Qwen-7B,prontoqa,21,thinking,raw,0.1648,0.0329,0.0748,0.0693,-0.042,,-0.0954,0.0077,100,3584
deepseek-ai/DeepSeek-R1-Distill-Qwen-7B,prontoqa,21,thinking,pca_only,0.1772,0.2167,0.0745,0.145,0.1422,0.2772,-0.0323,0.0079,100,3584
deepseek-ai/DeepSeek-R1-Distill-Qwen-7B,prontoqa,21,thinking,per_cloud,0.1591,0.2168,0.1122,0.1174,0.1045,0.5519,-0.0417,0.0083,100,3584
deepseek-ai/DeepSeek-R1-Distill-Qwen-7B,prontoqa,21,thinking,background,0.1631,0.1259,0.0455,0.1877,0.0805,-0.4617,0.0246,0.0052,100,3584
deepseek-ai/DeepSeek-R1-Distill-Qwen-7B,prontoqa,21,last,raw,0.1599,0.0329,0.0748,0.0452,-0.042,,-0.1147,0.0114,100,3584
deepseek-ai/DeepSeek-R1-Distill-Qwen-7B,prontoqa,21,last,pca_only,0.1647,0.2167,0.0745,0.1933,0.1422,0.3652,0.0286,0.011,100,3584
deepseek-ai/DeepSeek-R1-Distill-Qwen-7B,prontoqa,21,last,per_cloud,0.1366,0.2168,0.1122,0.1906,0.1045,0.7671,0.054,0.0105,100,3584
deepseek-ai/DeepSeek-R1-Distill-Qwen-7B,prontoqa,21,last,background,0.2071,0.1259,0.0455,0.1399,0.0805,-1.0083,-0.0672,0.0141,100,3584
deepseek-ai/DeepSeek-R1-Distill-Qwen-7B,prontoqa,21,all,raw,0.2287,0.0329,0.0748,0.0606,-0.042,,-0.1681,0.0115,100,3584
deepseek-ai/DeepSeek-R1-Distill-Qwen-7B,prontoqa,21,all,pca_only,0.2413,0.2167,0.0745,0.155,0.1422,-0.1734,-0.0863,0.0119,100,3584
deepseek-ai/DeepSeek-R1-Distill-Qwen-7B,prontoqa,21,all,per_cloud,0.1851,0.2168,0.1122,0.1414,0.1045,0.3027,-0.0438,0.0074,100,3584
deepseek-ai/DeepSeek-R1-Distill-Qwen-7B,prontoqa,21,all,background,0.1866,0.1259,0.0455,0.1098,0.0805,-0.7546,-0.0768,0.0074,100,3584
deepseek-ai/DeepSeek-R1-Distill-Qwen-7B,prontoqa,22,input,raw,0.1414,0.0329,0.0748,0.1049,-0.042,,-0.0365,0.0066,100,3584
deepseek-ai/DeepSeek-R1-Distill-Qwen-7B,prontoqa,22,input,pca_only,0.1472,0.2167,0.0745,0.0754,0.1422,0.4885,-0.0718,0.0073,100,3584
deepseek-ai/DeepSeek-R1-Distill-Qwen-7B,prontoqa,22,input,per_cloud,0.203,0.2168,0.1122,0.1459,0.1045,0.1321,-0.0571,0.0043,100,3584
deepseek-ai/DeepSeek-R1-Distill-Qwen-7B,prontoqa,22,input,background,0.2013,0.1261,0.0676,0.0706,0.0585,-1.2866,-0.1307,0.0094,100,3584
deepseek-ai/DeepSeek-R1-Distill-Qwen-7B,prontoqa,22,generated,raw,0.2279,0.0329,0.0748,0.0613,-0.042,,-0.1666,0.012,100,3584
deepseek-ai/DeepSeek-R1-Distill-Qwen-7B,prontoqa,22,generated,pca_only,0.2404,0.2167,0.0745,0.159,0.1422,-0.1673,-0.0814,0.0122,100,3584
deepseek-ai/DeepSeek-R1-Distill-Qwen-7B,prontoqa,22,generated,per_cloud,0.1857,0.2168,0.1122,0.1461,0.1045,0.2974,-0.0396,0.006,100,3584
deepseek-ai/DeepSeek-R1-Distill-Qwen-7B,prontoqa,22,generated,background,0.1891,0.1261,0.0676,0.1098,0.0585,-1.0773,-0.0793,0.0067,100,3584
deepseek-ai/DeepSeek-R1-Distill-Qwen-7B,prontoqa,22,thinking,raw,0.1655,0.0329,0.0748,0.0689,-0.042,,-0.0966,0.0075,100,3584
deepseek-ai/DeepSeek-R1-Distill-Qwen-7B,prontoqa,22,thinking,pca_only,0.1774,0.2167,0.0745,0.1451,0.1422,0.2765,-0.0323,0.008,100,3584
deepseek-ai/DeepSeek-R1-Distill-Qwen-7B,prontoqa,22,thinking,per_cloud,0.1641,0.2168,0.1122,0.1178,0.1045,0.5042,-0.0463,0.0065,100,3584
deepseek-ai/DeepSeek-R1-Distill-Qwen-7B,prontoqa,22,thinking,background,0.1695,0.1261,0.0676,0.1753,0.0585,-0.742,0.0059,0.0058,100,3584
deepseek-ai/DeepSeek-R1-Distill-Qwen-7B,prontoqa,22,last,raw,0.1536,0.0329,0.0748,0.0447,-0.042,,-0.1089,0.0125,100,3584
deepseek-ai/DeepSeek-R1-Distill-Qwen-7B,prontoqa,22,last,pca_only,0.158,0.2167,0.0745,0.193,0.1422,0.4123,0.0349,0.0124,100,3584
deepseek-ai/DeepSeek-R1-Distill-Qwen-7B,prontoqa,22,last,per_cloud,0.1369,0.2168,0.1122,0.189,0.1045,0.7643,0.0521,0.0094,100,3584
deepseek-ai/DeepSeek-R1-Distill-Qwen-7B,prontoqa,22,last,background,0.2056,0.1261,0.0676,0.1348,0.0585,-1.361,-0.0709,0.0132,100,3584
deepseek-ai/DeepSeek-R1-Distill-Qwen-7B,prontoqa,22,all,raw,0.2319,0.0329,0.0748,0.0604,-0.042,,-0.1715,0.0111,100,3584
deepseek-ai/DeepSeek-R1-Distill-Qwen-7B,prontoqa,22,all,pca_only,0.2449,0.2167,0.0745,0.1565,0.1422,-0.1987,-0.0884,0.0117,100,3584
deepseek-ai/DeepSeek-R1-Distill-Qwen-7B,prontoqa,22,all,per_cloud,0.1864,0.2168,0.1122,0.1467,0.1045,0.2903,-0.0398,0.0062,100,3584
deepseek-ai/DeepSeek-R1-Distill-Qwen-7B,prontoqa,22,all,background,0.1849,0.1261,0.0676,0.1057,0.0585,-1.0059,-0.0792,0.0081,100,3584
deepseek-ai/DeepSeek-R1-Distill-Qwen-7B,prontoqa,23,input,raw,0.1576,0.0329,0.0748,0.1037,-0.042,,-0.0539,0.0086,100,3584
deepseek-ai/DeepSeek-R1-Distill-Qwen-7B,prontoqa,23,input,pca_only,0.1665,0.2167,0.0745,0.0818,0.1422,0.3525,-0.0848,0.0086,100,3584
deepseek-ai/DeepSeek-R1-Distill-Qwen-7B,prontoqa,23,input,per_cloud,0.2025,0.2168,0.1122,0.1563,0.1045,0.1368,-0.0462,0.0044,100,3584
deepseek-ai/DeepSeek-R1-Distill-Qwen-7B,prontoqa,23,input,background,0.2244,0.1227,0.0642,0.0707,0.0585,-1.7397,-0.1537,0.0102,100,3584
deepseek-ai/DeepSeek-R1-Distill-Qwen-7B,prontoqa,23,generated,raw,0.2226,0.0329,0.0748,0.0629,-0.042,,-0.1597,0.0114,100,3584
deepseek-ai/DeepSeek-R1-Distill-Qwen-7B,prontoqa,23,generated,pca_only,0.2357,0.2167,0.0745,0.1599,0.1422,-0.1339,-0.0758,0.0114,100,3584
deepseek-ai/DeepSeek-R1-Distill-Qwen-7B,prontoqa,23,generated,per_cloud,0.1891,0.2168,0.1122,0.1469,0.1045,0.2649,-0.0422,0.0056,100,3584
deepseek-ai/DeepSeek-R1-Distill-Qwen-7B,prontoqa,23,generated,background,0.1889,0.1227,0.0642,0.1088,0.0585,-1.1314,-0.0801,0.0077,100,3584
deepseek-ai/DeepSeek-R1-Distill-Qwen-7B,prontoqa,23,thinking,raw,0.1623,0.0329,0.0748,0.0678,-0.042,,-0.0945,0.0066,100,3584
deepseek-ai/DeepSeek-R1-Distill-Qwen-7B,prontoqa,23,thinking,pca_only,0.1769,0.2167,0.0745,0.1419,0.1422,0.2795,-0.035,0.007,100,3584
deepseek-ai/DeepSeek-R1-Distill-Qwen-7B,prontoqa,23,thinking,per_cloud,0.1657,0.2168,0.1122,0.1132,0.1045,0.4883,-0.0525,0.0075,100,3584
deepseek-ai/DeepSeek-R1-Distill-Qwen-7B,prontoqa,23,thinking,background,0.1656,0.1227,0.0642,0.1923,0.0585,-0.7332,0.0267,0.0057,100,3584
deepseek-ai/DeepSeek-R1-Distill-Qwen-7B,prontoqa,23,last,raw,0.1437,0.0329,0.0748,0.0431,-0.042,,-0.1006,0.0104,100,3584
deepseek-ai/DeepSeek-R1-Distill-Qwen-7B,prontoqa,23,last,pca_only,0.1493,0.2167,0.0745,0.1892,0.1422,0.4736,0.0399,0.01,100,3584
deepseek-ai/DeepSeek-R1-Distill-Qwen-7B,prontoqa,23,last,per_cloud,0.1391,0.2168,0.1122,0.1859,0.1045,0.7429,0.0468,0.0096,100,3584
deepseek-ai/DeepSeek-R1-Distill-Qwen-7B,prontoqa,23,last,background,0.1918,0.1227,0.0642,0.1335,0.0585,-1.1824,-0.0583,0.0121,100,3584
deepseek-ai/DeepSeek-R1-Distill-Qwen-7B,prontoqa,23,all,raw,0.2277,0.0329,0.0748,0.0624,-0.042,,-0.1653,0.0114,100,3584
deepseek-ai/DeepSeek-R1-Distill-Qwen-7B,prontoqa,23,all,pca_only,0.2407,0.2167,0.0745,0.1555,0.1422,-0.1689,-0.0852,0.0113,100,3584
deepseek-ai/DeepSeek-R1-Distill-Qwen-7B,prontoqa,23,all,per_cloud,0.1903,0.2168,0.1122,0.1449,0.1045,0.2529,-0.0454,0.0059,100,3584
deepseek-ai/DeepSeek-R1-Distill-Qwen-7B,prontoqa,23,all,background,0.1878,0.1227,0.0642,0.1057,0.0585,-1.1132,-0.082,0.0083,100,3584
deepseek-ai/DeepSeek-R1-Distill-Qwen-7B,prontoqa,24,input,raw,0.1783,0.0329,0.0748,0.1023,-0.042,,-0.076,0.0088,100,3584
deepseek-ai/DeepSeek-R1-Distill-Qwen-7B,prontoqa,24,input,pca_only,0.1882,0.2167,0.0745,0.0958,0.1422,0.2001,-0.0924,0.0093,100,3584
deepseek-ai/DeepSeek-R1-Distill-Qwen-7B,prontoqa,24,input,per_cloud,0.2047,0.2168,0.1122,0.167,0.1045,0.1154,-0.0377,0.0056,100,3584
deepseek-ai/DeepSeek-R1-Distill-Qwen-7B,prontoqa,24,input,background,0.2352,0.1251,0.0539,0.0722,0.0712,-1.5467,-0.163,0.0078,100,3584
deepseek-ai/DeepSeek-R1-Distill-Qwen-7B,prontoqa,24,generated,raw,0.207,0.0329,0.0748,0.0656,-0.042,,-0.1414,0.0113,100,3584
deepseek-ai/DeepSeek-R1-Distill-Qwen-7B,prontoqa,24,generated,pca_only,0.2208,0.2167,0.0745,0.1614,0.1422,-0.0289,-0.0593,0.0108,100,3584
deepseek-ai/DeepSeek-R1-Distill-Qwen-7B,prontoqa,24,generated,per_cloud,0.1914,0.2168,0.1122,0.1414,0.1045,0.2425,-0.05,0.0059,100,3584
deepseek-ai/DeepSeek-R1-Distill-Qwen-7B,prontoqa,24,generated,background,0.1812,0.1251,0.0539,0.123,0.0712,-0.7886,-0.0583,0.0071,100,3584
deepseek-ai/DeepSeek-R1-Distill-Qwen-7B,prontoqa,24,thinking,raw,0.1581,0.0329,0.0748,0.0667,-0.042,,-0.0914,0.0066,100,3584
deepseek-ai/DeepSeek-R1-Distill-Qwen-7B,prontoqa,24,thinking,pca_only,0.1732,0.2167,0.0745,0.1409,0.1422,0.3058,-0.0323,0.0065,100,3584
deepseek-ai/DeepSeek-R1-Distill-Qwen-7B,prontoqa,24,thinking,per_cloud,0.1659,0.2168,0.1122,0.1129,0.1045,0.4865,-0.053,0.0071,100,3584
deepseek-ai/DeepSeek-R1-Distill-Qwen-7B,prontoqa,24,thinking,background,0.167,0.1251,0.0539,0.2008,0.0712,-0.5883,0.0339,0.0053,100,3584
deepseek-ai/DeepSeek-R1-Distill-Qwen-7B,prontoqa,24,last,raw,0.1315,0.0329,0.0748,0.0411,-0.042,,-0.0904,0.0099,100,3584
deepseek-ai/DeepSeek-R1-Distill-Qwen-7B,prontoqa,24,last,pca_only,0.1392,0.2167,0.0745,0.1797,0.1422,0.5445,0.0405,0.01,100,3584
deepseek-ai/DeepSeek-R1-Distill-Qwen-7B,prontoqa,24,last,per_cloud,0.1408,0.2168,0.1122,0.1809,0.1045,0.727,0.0401,0.0082,100,3584
deepseek-ai/DeepSeek-R1-Distill-Qwen-7B,prontoqa,24,last,background,0.163,0.1251,0.0539,0.1372,0.0712,-0.5324,-0.0258,0.0121,100,3584
deepseek-ai/DeepSeek-R1-Distill-Qwen-7B,prontoqa,24,all,raw,0.2115,0.0329,0.0748,0.0651,-0.042,,-0.1464,0.0121,100,3584
deepseek-ai/DeepSeek-R1-Distill-Qwen-7B,prontoqa,24,all,pca_only,0.2257,0.2167,0.0745,0.1581,0.1422,-0.0637,-0.0676,0.0123,100,3584
deepseek-ai/DeepSeek-R1-Distill-Qwen-7B,prontoqa,24,all,per_cloud,0.1913,0.2168,0.1122,0.1414,0.1045,0.2438,-0.0499,0.0071,100,3584
deepseek-ai/DeepSeek-R1-Distill-Qwen-7B,prontoqa,24,all,background,0.1803,0.1251,0.0539,0.1185,0.0712,-0.7762,-0.0618,0.0076,100,3584
deepseek-ai/DeepSeek-R1-Distill-Qwen-7B,prontoqa,25,input,raw,0.162,0.0329,0.0748,0.1294,-0.042,,-0.0326,0.0078,100,3584
deepseek-ai/DeepSeek-R1-Distill-Qwen-7B,prontoqa,25,input,pca_only,0.1679,0.2167,0.0745,0.1115,0.1422,0.3431,-0.0563,0.0082,100,3584
deepseek-ai/DeepSeek-R1-Distill-Qwen-7B,prontoqa,25,input,per_cloud,0.2074,0.2168,0.1122,0.1888,0.1045,0.0897,-0.0186,0.0059,100,3584
deepseek-ai/DeepSeek-R1-Distill-Qwen-7B,prontoqa,25,input,background,0.2401,0.1219,0.071,0.0761,0.0509,-2.3236,-0.164,0.0071,100,3584
deepseek-ai/DeepSeek-R1-Distill-Qwen-7B,prontoqa,25,generated,raw,0.2035,0.0329,0.0748,0.0664,-0.042,,-0.1371,0.0114,100,3584
deepseek-ai/DeepSeek-R1-Distill-Qwen-7B,prontoqa,25,generated,pca_only,0.2168,0.2167,0.0745,0.1605,0.1422,-0.0008,-0.0562,0.0113,100,3584
deepseek-ai/DeepSeek-R1-Distill-Qwen-7B,prontoqa,25,generated,per_cloud,0.1909,0.2168,0.1122,0.1392,0.1045,0.2472,-0.0517,0.0062,100,3584
deepseek-ai/DeepSeek-R1-Distill-Qwen-7B,prontoqa,25,generated,background,0.1708,0.1219,0.071,0.1213,0.0509,-0.9625,-0.0495,0.0075,100,3584
deepseek-ai/DeepSeek-R1-Distill-Qwen-7B,prontoqa,25,thinking,raw,0.1549,0.0329,0.0748,0.0653,-0.042,,-0.0896,0.0068,100,3584
deepseek-ai/DeepSeek-R1-Distill-Qwen-7B,prontoqa,25,thinking,pca_only,0.1725,0.2167,0.0745,0.1422,0.1422,0.3104,-0.0303,0.0074,100,3584
deepseek-ai/DeepSeek-R1-Distill-Qwen-7B,prontoqa,25,thinking,per_cloud,0.172,0.2168,0.1122,0.1222,0.1045,0.4281,-0.0499,0.0079,100,3584
deepseek-ai/DeepSeek-R1-Distill-Qwen-7B,prontoqa,25,thinking,background,0.1715,0.1219,0.071,0.1931,0.0509,-0.9753,0.0216,0.0087,100,3584
deepseek-ai/DeepSeek-R1-Distill-Qwen-7B,prontoqa,25,last,raw,0.1248,0.0329,0.0748,0.0425,-0.042,,-0.0824,0.009,100,3584
deepseek-ai/DeepSeek-R1-Distill-Qwen-7B,prontoqa,25,last,pca_only,0.133,0.2167,0.0745,0.1694,0.1422,0.5882,0.0364,0.0091,100,3584
deepseek-ai/DeepSeek-R1-Distill-Qwen-7B,prontoqa,25,last,per_cloud,0.1411,0.2168,0.1122,0.1699,0.1045,0.7243,0.0289,0.0094,100,3584
deepseek-ai/DeepSeek-R1-Distill-Qwen-7B,prontoqa,25,last,background,0.1642,0.1219,0.071,0.1326,0.0509,-0.8309,-0.0316,0.009,100,3584
deepseek-ai/DeepSeek-R1-Distill-Qwen-7B,prontoqa,25,all,raw,0.2075,0.0329,0.0748,0.0644,-0.042,,-0.1431,0.012,100,3584
deepseek-ai/DeepSeek-R1-Distill-Qwen-7B,prontoqa,25,all,pca_only,0.2233,0.2167,0.0745,0.1574,0.1422,-0.0467,-0.0659,0.0123,100,3584
deepseek-ai/DeepSeek-R1-Distill-Qwen-7B,prontoqa,25,all,per_cloud,0.1908,0.2168,0.1122,0.1404,0.1045,0.2487,-0.0504,0.0061,100,3584
deepseek-ai/DeepSeek-R1-Distill-Qwen-7B,prontoqa,25,all,background,0.1717,0.1219,0.071,0.1164,0.0509,-0.9796,-0.0553,0.0071,100,3584
deepseek-ai/DeepSeek-R1-Distill-Qwen-7B,prontoqa,26,input,raw,0.1653,0.0329,0.0748,0.1286,-0.042,,-0.0367,0.009,100,3584
deepseek-ai/DeepSeek-R1-Distill-Qwen-7B,prontoqa,26,input,pca_only,0.1732,0.2167,0.0745,0.113,0.1422,0.3056,-0.0602,0.0094,100,3584
deepseek-ai/DeepSeek-R1-Distill-Qwen-7B,prontoqa,26,input,per_cloud,0.2079,0.2168,0.1122,0.1936,0.1045,0.0847,-0.0143,0.0065,100,3584
deepseek-ai/DeepSeek-R1-Distill-Qwen-7B,prontoqa,26,input,background,0.242,0.1244,0.0741,0.0722,0.0503,-2.3353,-0.1697,0.009,100,3584
deepseek-ai/DeepSeek-R1-Distill-Qwen-7B,prontoqa,26,generated,raw,0.1967,0.0329,0.0748,0.0664,-0.042,,-0.1303,0.0108,100,3584
deepseek-ai/DeepSeek-R1-Distill-Qwen-7B,prontoqa,26,generated,pca_only,0.2128,0.2167,0.0745,0.1589,0.1422,0.0272,-0.0538,0.0114,100,3584
deepseek-ai/DeepSeek-R1-Distill-Qwen-7B,prontoqa,26,generated,per_cloud,0.1884,0.2168,0.1122,0.1391,0.1045,0.2716,-0.0492,0.0056,100,3584
deepseek-ai/DeepSeek-R1-Distill-Qwen-7B,prontoqa,26,generated,background,0.1803,0.1244,0.0741,0.1119,0.0503,-1.1102,-0.0684,0.0068,100,3584
deepseek-ai/DeepSeek-R1-Distill-Qwen-7B,prontoqa,26,thinking,raw,0.1569,0.0329,0.0748,0.0662,-0.042,,-0.0908,0.0065,100,3584
deepseek-ai/DeepSeek-R1-Distill-Qwen-7B,prontoqa,26,thinking,pca_only,0.1755,0.2167,0.0745,0.1441,0.1422,0.2894,-0.0314,0.0071,100,3584
deepseek-ai/DeepSeek-R1-Distill-Qwen-7B,prontoqa,26,thinking,per_cloud,0.1731,0.2168,0.1122,0.1253,0.1045,0.4175,-0.0479,0.0081,100,3584
deepseek-ai/DeepSeek-R1-Distill-Qwen-7B,prontoqa,26,thinking,background,0.1774,0.1244,0.0741,0.1921,0.0503,-1.0522,0.0148,0.0074,100,3584
deepseek-ai/DeepSeek-R1-Distill-Qwen-7B,prontoqa,26,last,raw,0.1228,0.0329,0.0748,0.0424,-0.042,,-0.0804,0.0096,100,3584
deepseek-ai/DeepSeek-R1-Distill-Qwen-7B,prontoqa,26,last,pca_only,0.1309,0.2167,0.0745,0.1675,0.1422,0.6029,0.0365,0.0096,100,3584
deepseek-ai/DeepSeek-R1-Distill-Qwen-7B,prontoqa,26,last,per_cloud,0.1424,0.2168,0.1122,0.1689,0.1045,0.7117,0.0265,0.0085,100,3584
deepseek-ai/DeepSeek-R1-Distill-Qwen-7B,prontoqa,26,last,background,0.1748,0.1244,0.0741,0.1325,0.0503,-1.0011,-0.0423,0.0176,100,3584
deepseek-ai/DeepSeek-R1-Distill-Qwen-7B,prontoqa,26,all,raw,0.1997,0.0329,0.0748,0.064,-0.042,,-0.1357,0.0111,100,3584
deepseek-ai/DeepSeek-R1-Distill-Qwen-7B,prontoqa,26,all,pca_only,0.2145,0.2167,0.0745,0.1561,0.1422,0.0152,-0.0583,0.0113,100,3584
deepseek-ai/DeepSeek-R1-Distill-Qwen-7B,prontoqa,26,all,per_cloud,0.1889,0.2168,0.1122,0.1397,0.1045,0.2663,-0.0492,0.0053,100,3584
deepseek-ai/DeepSeek-R1-Distill-Qwen-7B,prontoqa,26,all,background,0.1783,0.1244,0.0741,0.1076,0.0503,-1.0704,-0.0707,0.0073,100,3584
deepseek-ai/DeepSeek-R1-Distill-Qwen-7B,prontoqa,27,input,raw,0.1851,0.0329,0.0748,0.1067,-0.042,,-0.0784,0.0097,100,3584
deepseek-ai/DeepSeek-R1-Distill-Qwen-7B,prontoqa,27,input,pca_only,0.1974,0.2167,0.0745,0.1146,0.1422,0.1355,-0.0828,0.01,100,3584
deepseek-ai/DeepSeek-R1-Distill-Qwen-7B,prontoqa,27,input,per_cloud,0.207,0.2168,0.1122,0.1944,0.1045,0.0933,-0.0126,0.0061,100,3584
deepseek-ai/DeepSeek-R1-Distill-Qwen-7B,prontoqa,27,input,background,0.2381,0.1247,0.0587,0.0796,0.066,-1.7183,-0.1585,0.0071,100,3584
deepseek-ai/DeepSeek-R1-Distill-Qwen-7B,prontoqa,27,generated,raw,0.1714,0.0329,0.0748,0.0776,-0.042,,-0.0938,0.0095,100,3584
deepseek-ai/DeepSeek-R1-Distill-Qwen-7B,prontoqa,27,generated,pca_only,0.1865,0.2167,0.0745,0.159,0.1422,0.212,-0.0275,0.0089,100,3584
deepseek-ai/DeepSeek-R1-Distill-Qwen-7B,prontoqa,27,generated,per_cloud,0.1999,0.2168,0.1122,0.1269,0.1045,0.1618,-0.0729,0.0051,100,3584
deepseek-ai/DeepSeek-R1-Distill-Qwen-7B,prontoqa,27,generated,background,0.1615,0.1247,0.0587,0.1252,0.066,-0.5572,-0.0363,0.0053,100,3584
deepseek-ai/DeepSeek-R1-Distill-Qwen-7B,prontoqa,27,thinking,raw,0.1561,0.0329,0.0748,0.0588,-0.042,,-0.0973,0.0074,100,3584
deepseek-ai/DeepSeek-R1-Distill-Qwen-7B,prontoqa,27,thinking,pca_only,0.174,0.2167,0.0745,0.1467,0.1422,0.2999,-0.0274,0.0075,100,3584
deepseek-ai/DeepSeek-R1-Distill-Qwen-7B,prontoqa,27,thinking,per_cloud,0.18,0.2168,0.1122,0.1385,0.1045,0.3514,-0.0415,0.006,100,3584
deepseek-ai/DeepSeek-R1-Distill-Qwen-7B,prontoqa,27,thinking,background,0.1746,0.1247,0.0587,0.1806,0.066,-0.7562,0.006,0.0073,100,3584
deepseek-ai/DeepSeek-R1-Distill-Qwen-7B,prontoqa,27,last,raw,0.1333,0.0329,0.0748,0.0393,-0.042,,-0.0939,0.0135,100,3584
deepseek-ai/DeepSeek-R1-Distill-Qwen-7B,prontoqa,27,last,pca_only,0.1443,0.2167,0.0745,0.167,0.1422,0.5087,0.0227,0.0144,100,3584
deepseek-ai/DeepSeek-R1-Distill-Qwen-7B,prontoqa,27,last,per_cloud,0.1436,0.2168,0.1122,0.17,0.1045,0.6999,0.0264,0.0084,100,3584
deepseek-ai/DeepSeek-R1-Distill-Qwen-7B,prontoqa,27,last,background,0.1835,0.1247,0.0587,0.1256,0.066,-0.8907,-0.0579,0.0211,100,3584
deepseek-ai/DeepSeek-R1-Distill-Qwen-7B,prontoqa,27,all,raw,0.1752,0.0329,0.0748,0.0726,-0.042,,-0.1026,0.0098,100,3584
deepseek-ai/DeepSeek-R1-Distill-Qwen-7B,prontoqa,27,all,pca_only,0.1906,0.2167,0.0745,0.1572,0.1422,0.183,-0.0334,0.0095,100,3584
deepseek-ai/DeepSeek-R1-Distill-Qwen-7B,prontoqa,27,all,per_cloud,0.198,0.2168,0.1122,0.1375,0.1045,0.1795,-0.0605,0.0059,100,3584
deepseek-ai/DeepSeek-R1-Distill-Qwen-7B,prontoqa,27,all,background,0.1664,0.1247,0.0587,0.1189,0.066,-0.6312,-0.0475,0.0056,100,3584
deepseek-ai/DeepSeek-R1-Distill-Qwen-7B,prontoqa,28,input,raw,0.1788,0.0329,0.0748,0.1381,-0.042,,-0.0408,0.0122,100,3584
deepseek-ai/DeepSeek-R1-Distill-Qwen-7B,prontoqa,28,input,pca_only,0.1846,0.2167,0.0745,0.1361,0.1422,0.2252,-0.0485,0.0127,100,3584
deepseek-ai/DeepSeek-R1-Distill-Qwen-7B,prontoqa,28,input,per_cloud,0.2068,0.2168,0.1122,0.197,0.1045,0.0955,-0.0098,0.0075,100,3584
deepseek-ai/DeepSeek-R1-Distill-Qwen-7B,prontoqa,28,input,background,0.2238,0.131,0.0513,0.0919,0.0797,-1.1641,-0.132,0.0056,100,3584
deepseek-ai/DeepSeek-R1-Distill-Qwen-7B,prontoqa,28,generated,raw,0.1742,0.0329,0.0748,0.074,-0.042,,-0.1002,0.0074,100,3584
deepseek-ai/DeepSeek-R1-Distill-Qwen-7B,prontoqa,28,generated,pca_only,0.1789,0.2167,0.0745,0.1628,0.1422,0.2655,-0.0162,0.0074,100,3584
deepseek-ai/DeepSeek-R1-Distill-Qwen-7B,prontoqa,28,generated,per_cloud,0.2041,0.2168,0.1122,0.1416,0.1045,0.1213,-0.0625,0.0041,100,3584
deepseek-ai/DeepSeek-R1-Distill-Qwen-7B,prontoqa,28,generated,background,0.1709,0.131,0.0513,0.1199,0.0797,-0.5,-0.051,0.0061,100,3584
deepseek-ai/DeepSeek-R1-Distill-Qwen-7B,prontoqa,28,thinking,raw,0.1697,0.0329,0.0748,0.054,-0.042,,-0.1157,0.0148,100,3584
deepseek-ai/DeepSeek-R1-Distill-Qwen-7B,prontoqa,28,thinking,pca_only,0.1746,0.2167,0.0745,0.1619,0.1422,0.2958,-0.0127,0.0154,100,3584
deepseek-ai/DeepSeek-R1-Distill-Qwen-7B,prontoqa,28,thinking,per_cloud,0.1855,0.2168,0.1122,0.1589,0.1045,0.2994,-0.0266,0.0061,100,3584
deepseek-ai/DeepSeek-R1-Distill-Qwen-7B,prontoqa,28,thinking,background,0.1707,0.131,0.0513,0.1351,0.0797,-0.498,-0.0357,0.0086,100,3584
deepseek-ai/DeepSeek-R1-Distill-Qwen-7B,prontoqa,28,last,raw,0.2039,0.0329,0.0748,0.0411,-0.042,,-0.1628,0.011,100,3584
deepseek-ai/DeepSeek-R1-Distill-Qwen-7B,prontoqa,28,last,pca_only,0.2071,0.2167,0.0745,0.1712,0.1422,0.0672,-0.0359,0.0108,100,3584
deepseek-ai/DeepSeek-R1-Distill-Qwen-7B,prontoqa,28,last,per_cloud,0.1446,0.2168,0.1122,0.1732,0.1045,0.6908,0.0286,0.0064,100,3584
deepseek-ai/DeepSeek-R1-Distill-Qwen-7B,prontoqa,28,last,background,0.2159,0.131,0.0513,0.1326,0.0797,-1.065,-0.0833,0.0184,100,3584
deepseek-ai/DeepSeek-R1-Distill-Qwen-7B,prontoqa,28,all,raw,0.177,0.0329,0.0748,0.0915,-0.042,,-0.0855,0.0073,100,3584
deepseek-ai/DeepSeek-R1-Distill-Qwen-7B,prontoqa,28,all,pca_only,0.1834,0.2167,0.0745,0.1835,0.1422,0.2338,0.0,0.0076,100,3584
deepseek-ai/DeepSeek-R1-Distill-Qwen-7B,prontoqa,28,all,per_cloud,0.2043,0.2168,0.1122,0.1446,0.1045,0.1195,-0.0597,0.0048,100,3584
deepseek-ai/DeepSeek-R1-Distill-Qwen-7B,prontoqa,28,all,background,0.1757,0.131,0.0513,0.1164,0.0797,-0.5606,-0.0594,0.0058,100,3584
