model,dataset,layer,token_source,metric,delta_rel,noise_floor,cloud_kind
Qwen/Qwen2.5-7B,prontoqa,-1,control,distance_matrix,0.0,0.0,tree_control
Qwen/Qwen2.5-7B,prontoqa,-1,control,raw,0.1912,0.0018,gaussian_control
Qwen/Qwen2.5-7B,prontoqa,-1,control,raw,0.2019,0.0019,sphere_control
Qwen/Qwen2.5-7B,prontoqa,0,input,raw,0.2431,0.0111,data
Qwen/Qwen2.5-7B,prontoqa,0,input,pca_only,0.2431,0.0111,data
Qwen/Qwen2.5-7B,prontoqa,0,input,per_cloud,0.242,0.0043,data
Qwen/Qwen2.5-7B,prontoqa,0,input,background,0.252,0.0095,data
Qwen/Qwen2.5-7B,prontoqa,0,generated,raw,0.2272,0.0082,data
Qwen/Qwen2.5-7B,prontoqa,0,generated,pca_only,0.2276,0.0083,data
Qwen/Qwen2.5-7B,prontoqa,0,generated,per_cloud,0.1006,0.0033,data
Qwen/Qwen2.5-7B,prontoqa,0,generated,background,0.2386,0.0078,data
Qwen/Qwen2.5-7B,prontoqa,0,thinking,raw,0.2065,0.0086,data
Qwen/Qwen2.5-7B,prontoqa,0,thinking,pca_only,0.2065,0.0086,data
Qwen/Qwen2.5-7B,prontoqa,0,thinking,per_cloud,0.1287,0.0166,data
Qwen/Qwen2.5-7B,prontoqa,0,thinking,background,0.2046,0.0101,data
Qwen/Qwen2.5-7B,prontoqa,0,last,raw,0.0598,0.0118,data
Qwen/Qwen2.5-7B,prontoqa,0,last,pca_only,0.0598,0.0118,data
Qwen/Qwen2.5-7B,prontoqa,0,last,per_cloud,0.0179,0.001,data
Qwen/Qwen2.5-7B,prontoqa,0,last,background,0.0813,0.0145,data
Qwen/Qwen2.5-7B,prontoqa,0,all,raw,0.2335,0.0078,data
Qwen/Qwen2.5-7B,prontoqa,0,all,pca_only,0.2337,0.0078,data
Qwen/Qwen2.5-7B,prontoqa,0,all,per_cloud,0.0996,0.0033,data
Qwen/Qwen2.5-7B,prontoqa,0,all,background,0.24,0.0081,data
Qwen/Qwen2.5-7B,prontoqa,1,input,raw,0.2532,0.0071,data
Qwen/Qwen2.5-7B,prontoqa,1,input,pca_only,0.2535,0.0072,data
Qwen/Qwen2.5-7B,prontoqa,1,input,per_cloud,0.1134,0.0018,data
Qwen/Qwen2.5-7B,prontoqa,1,input,background,0.261,0.0061,data
Qwen/Qwen2.5-7B,prontoqa,1,generated,raw,0.2346,0.0049,data
Qwen/Qwen2.5-7B,prontoqa,1,generated,pca_only,0.236,0.0048,data
Qwen/Qwen2.5-7B,prontoqa,1,generated,per_cloud,0.1025,0.003,data
Qwen/Qwen2.5-7B,prontoqa,1,generated,background,0.2401,0.0039,data
Qwen/Qwen2.5-7B,prontoqa,1,thinking,raw,0.1867,0.0108,data
Qwen/Qwen2.5-7B,prontoqa,1,thinking,pca_only,0.1869,0.0108,data
Qwen/Qwen2.5-7B,prontoqa,1,thinking,per_cloud,0.094,0.0033,data
Qwen/Qwen2.5-7B,prontoqa,1,thinking,background,0.1715,0.0103,data
Qwen/Qwen2.5-7B,prontoqa,1,last,raw,0.0355,0.0033,data
Qwen/Qwen2.5-7B,prontoqa,1,last,pca_only,0.0357,0.0032,data
Qwen/Qwen2.5-7B,prontoqa,1,last,per_cloud,0.0832,0.0042,data
Qwen/Qwen2.5-7B,prontoqa,1,last,background,0.0809,0.0074,data
Qwen/Qwen2.5-7B,prontoqa,1,all,raw,0.2417,0.0051,data
Qwen/Qwen2.5-7B,prontoqa,1,all,pca_only,0.2429,0.0052,data
Qwen/Qwen2.5-7B,prontoqa,1,all,per_cloud,0.1049,0.0029,data
Qwen/Qwen2.5-7B,prontoqa,1,all,background,0.2479,0.004,data
Qwen/Qwen2.5-7B,prontoqa,2,input,raw,0.2587,0.0066,data
Qwen/Qwen2.5-7B,prontoqa,2,input,pca_only,0.2589,0.0067,data
Qwen/Qwen2.5-7B,prontoqa,2,input,per_cloud,0.1166,0.002,data
Qwen/Qwen2.5-7B,prontoqa,2,input,background,0.2692,0.0043,data
Qwen/Qwen2.5-7B,prontoqa,2,generated,raw,0.226,0.0042,data
Qwen/Qwen2.5-7B,prontoqa,2,generated,pca_only,0.2275,0.0043,data
Qwen/Qwen2.5-7B,prontoqa,2,generated,per_cloud,0.1036,0.0033,data
Qwen/Qwen2.5-7B,prontoqa,2,generated,background,0.2334,0.0046,data
Qwen/Qwen2.5-7B,prontoqa,2,thinking,raw,0.1883,0.0107,data
Qwen/Qwen2.5-7B,prontoqa,2,thinking,pca_only,0.1885,0.0106,data
Qwen/Qwen2.5-7B,prontoqa,2,thinking,per_cloud,0.0928,0.0028,data
Qwen/Qwen2.5-7B,prontoqa,2,thinking,background,0.173,0.0107,data
Qwen/Qwen2.5-7B,prontoqa,2,last,raw,0.0553,0.002,data
Qwen/Qwen2.5-7B,prontoqa,2,last,pca_only,0.0554,0.002,data
Qwen/Qwen2.5-7B,prontoqa,2,last,per_cloud,0.0821,0.0027,data
Qwen/Qwen2.5-7B,prontoqa,2,last,background,0.0783,0.0051,data
Qwen/Qwen2.5-7B,prontoqa,2,all,raw,0.2334,0.0047,data
Qwen/Qwen2.5-7B,prontoqa,2,all,pca_only,0.2345,0.0047,data
Qwen/Qwen2.5-7B,prontoqa,2,all,per_cloud,0.1065,0.0026,data
Qwen/Qwen2.5-7B,prontoqa,2,all,background,0.2432,0.0042,data
Qwen/Qwen2.5-7B,prontoqa,3,input,raw,0.2592,0.0046,data
Qwen/Qwen2.5-7B,prontoqa,3,input,pca_only,0.2597,0.0046,data
Qwen/Qwen2.5-7B,prontoqa,3,input,per_cloud,0.1161,0.0019,data
Qwen/Qwen2.5-7B,prontoqa,3,input,background,0.2675,0.0041,data
Qwen/Qwen2.5-7B,prontoqa,3,generated,raw,0.2234,0.0043,data
Qwen/Qwen2.5-7B,prontoqa,3,generated,pca_only,0.2248,0.0043,data
Qwen/Qwen2.5-7B,prontoqa,3,generated,per_cloud,0.1051,0.0027,data
Qwen/Qwen2.5-7B,prontoqa,3,generated,background,0.2322,0.0039,data
Qwen/Qwen2.5-7B,prontoqa,3,thinking,raw,0.1788,0.0103,data
Qwen/Qwen2.5-7B,prontoqa,3,thinking,pca_only,0.1789,0.0103,data
Qwen/Qwen2.5-7B,prontoqa,3,thinking,per_cloud,0.0911,0.0026,data
Qwen/Qwen2.5-7B,prontoqa,3,thinking,background,0.1567,0.0082,data
Qwen/Qwen2.5-7B,prontoqa,3,last,raw,0.0497,0.0025,data
Qwen/Qwen2.5-7B,prontoqa,3,last,pca_only,0.0497,0.0025,data
Qwen/Qwen2.5-7B,prontoqa,3,last,per_cloud,0.0821,0.0022,data
Qwen/Qwen2.5-7B,prontoqa,3,last,background,0.0865,0.0067,data
Qwen/Qwen2.5-7B,prontoqa,3,all,raw,0.235,0.0047,data
Qwen/Qwen2.5-7B,prontoqa,3,all,pca_only,0.2363,0.0047,data
Qwen/Qwen2.5-7B,prontoqa,3,all,per_cloud,0.1087,0.0024,data
Qwen/Qwen2.5-7B,prontoqa,3,all,background,0.2452,0.0038,data
Qwen/Qwen2.5-7B,prontoqa,4,input,raw,0.2536,0.0036,data
Qwen/Qwen2.5-7B,prontoqa,4,input,pca_only,0.2541,0.0036,data
Qwen/Qwen2.5-7B,prontoqa,4,input,per_cloud,0.1176,0.0015,data
Qwen/Qwen2.5-7B,prontoqa,4,input,background,0.2642,0.0028,data
Qwen/Qwen2.5-7B,prontoqa,4,generated,raw,0.22,0.0048,data
Qwen/Qwen2.5-7B,prontoqa,4,generated,pca_only,0.2217,0.0049,data
Qwen/Qwen2.5-7B,prontoqa,4,generated,per_cloud,0.104,0.0029,data
Qwen/Qwen2.5-7B,prontoqa,4,generated,background,0.2231,0.0043,data
Qwen/Qwen2.5-7B,prontoqa,4,thinking,raw,0.1798,0.0096,data
Qwen/Qwen2.5-7B,prontoqa,4,thinking,pca_only,0.1801,0.0096,data
Qwen/Qwen2.5-7B,prontoqa,4,thinking,per_cloud,0.0897,0.0023,data
Qwen/Qwen2.5-7B,prontoqa,4,thinking,background,0.162,0.0081,data
Qwen/Qwen2.5-7B,prontoqa,4,last,raw,0.0759,0.004,data
Qwen/Qwen2.5-7B,prontoqa,4,last,pca_only,0.0759,0.0039,data
Qwen/Qwen2.5-7B,prontoqa,4,last,per_cloud,0.0817,0.0025,data
Qwen/Qwen2.5-7B,prontoqa,4,last,background,0.1094,0.0079,data
Qwen/Qwen2.5-7B,prontoqa,4,all,raw,0.2309,0.0048,data
Qwen/Qwen2.5-7B,prontoqa,4,all,pca_only,0.2318,0.0049,data
Qwen/Qwen2.5-7B,prontoqa,4,all,per_cloud,0.1088,0.0025,data
Qwen/Qwen2.5-7B,prontoqa,4,all,background,0.2371,0.0041,data
Qwen/Qwen2.5-7B,prontoqa,5,input,raw,0.2497,0.0037,data
Qwen/Qwen2.5-7B,prontoqa,5,input,pca_only,0.2505,0.0037,data
Qwen/Qwen2.5-7B,prontoqa,5,input,per_cloud,0.1177,0.0019,data
Qwen/Qwen2.5-7B,prontoqa,5,input,background,0.2627,0.0039,data
Qwen/Qwen2.5-7B,prontoqa,5,generated,raw,0.2197,0.0046,data
Qwen/Qwen2.5-7B,prontoqa,5,generated,pca_only,0.2214,0.0047,data
Qwen/Qwen2.5-7B,prontoqa,5,generated,per_cloud,0.1047,0.0034,data
Qwen/Qwen2.5-7B,prontoqa,5,generated,background,0.2209,0.004,data
Qwen/Qwen2.5-7B,prontoqa,5,thinking,raw,0.1786,0.0095,data
Qwen/Qwen2.5-7B,prontoqa,5,thinking,pca_only,0.1789,0.0096,data
Qwen/Qwen2.5-7B,prontoqa,5,thinking,per_cloud,0.0869,0.0024,data
Qwen/Qwen2.5-7B,prontoqa,5,thinking,background,0.1606,0.0083,data
Qwen/Qwen2.5-7B,prontoqa,5,last,raw,0.0841,0.004,data
Qwen/Qwen2.5-7B,prontoqa,5,last,pca_only,0.0843,0.004,data
Qwen/Qwen2.5-7B,prontoqa,5,last,per_cloud,0.081,0.0028,data
Qwen/Qwen2.5-7B,prontoqa,5,last,background,0.1111,0.0074,data
Qwen/Qwen2.5-7B,prontoqa,5,all,raw,0.2275,0.0046,data
Qwen/Qwen2.5-7B,prontoqa,5,all,pca_only,0.2291,0.0047,data
Qwen/Qwen2.5-7B,prontoqa,5,all,per_cloud,0.1085,0.0026,data
Qwen/Qwen2.5-7B,prontoqa,5,all,background,0.2323,0.0043,data
Qwen/Qwen2.5-7B,prontoqa,6,input,raw,0.2484,0.0041,data
Qwen/Qwen2.5-7B,prontoqa,6,input,pca_only,0.2496,0.0041,data
Qwen/Qwen2.5-7B,prontoqa,6,input,per_cloud,0.1149,0.002,data
Qwen/Qwen2.5-7B,prontoqa,6,input,background,0.259,0.0036,data
Qwen/Qwen2.5-7B,prontoqa,6,generated,raw,0.2116,0.004,data
Qwen/Qwen2.5-7B,prontoqa,6,generated,pca_only,0.2132,0.0041,data
Qwen/Qwen2.5-7B,prontoqa,6,generated,per_cloud,0.1041,0.0029,data
Qwen/Qwen2.5-7B,prontoqa,6,generated,background,0.212,0.0041,data
Qwen/Qwen2.5-7B,prontoqa,6,thinking,raw,0.1814,0.0095,data
Qwen/Qwen2.5-7B,prontoqa,6,thinking,pca_only,0.1817,0.0096,data
Qwen/Qwen2.5-7B,prontoqa,6,thinking,per_cloud,0.0862,0.0024,data
Qwen/Qwen2.5-7B,prontoqa,6,thinking,background,0.1631,0.0084,data
Qwen/Qwen2.5-7B,prontoqa,6,last,raw,0.0894,0.0025,data
Qwen/Qwen2.5-7B,prontoqa,6,last,pca_only,0.0895,0.0025,data
Qwen/Qwen2.5-7B,prontoqa,6,last,per_cloud,0.0819,0.0026,data
Qwen/Qwen2.5-7B,prontoqa,6,last,background,0.1096,0.0079,data
Qwen/Qwen2.5-7B,prontoqa,6,all,raw,0.2199,0.0046,data
Qwen/Qwen2.5-7B,prontoqa,6,all,pca_only,0.2216,0.0047,data
Qwen/Qwen2.5-7B,prontoqa,6,all,per_cloud,0.1092,0.003,data
Qwen/Qwen2.5-7B,prontoqa,6,all,background,0.223,0.0049,data
Qwen/Qwen2.5-7B,prontoqa,7,input,raw,0.2419,0.0041,data
Qwen/Qwen2.5-7B,prontoqa,7,input,pca_only,0.2437,0.0041,data
Qwen/Qwen2.5-7B,prontoqa,7,input,per_cloud,0.114,0.0023,data
Qwen/Qwen2.5-7B,prontoqa,7,input,background,0.2556,0.0042,data
Qwen/Qwen2.5-7B,prontoqa,7,generated,raw,0.2087,0.0042,data
Qwen/Qwen2.5-7B,prontoqa,7,generated,pca_only,0.2106,0.0043,data
Qwen/Qwen2.5-7B,prontoqa,7,generated,per_cloud,0.1041,0.0031,data
Qwen/Qwen2.5-7B,prontoqa,7,generated,background,0.2114,0.0034,data
Qwen/Qwen2.5-7B,prontoqa,7,thinking,raw,0.1805,0.0084,data
Qwen/Qwen2.5-7B,prontoqa,7,thinking,pca_only,0.1806,0.0084,data
Qwen/Qwen2.5-7B,prontoqa,7,thinking,per_cloud,0.0835,0.0023,data
Qwen/Qwen2.5-7B,prontoqa,7,thinking,background,0.1596,0.0076,data
Qwen/Qwen2.5-7B,prontoqa,7,last,raw,0.1126,0.0049,data
Qwen/Qwen2.5-7B,prontoqa,7,last,pca_only,0.1128,0.0049,data
Qwen/Qwen2.5-7B,prontoqa,7,last,per_cloud,0.0807,0.0026,data
Qwen/Qwen2.5-7B,prontoqa,7,last,background,0.1252,0.0159,data
Qwen/Qwen2.5-7B,prontoqa,7,all,raw,0.212,0.0043,data
Qwen/Qwen2.5-7B,prontoqa,7,all,pca_only,0.214,0.0041,data
Qwen/Qwen2.5-7B,prontoqa,7,all,per_cloud,0.1095,0.0026,data
Qwen/Qwen2.5-7B,prontoqa,7,all,background,0.2155,0.0038,data
Qwen/Qwen2.5-7B,prontoqa,8,input,raw,0.2384,0.0052,data
Qwen/Qwen2.5-7B,prontoqa,8,input,pca_only,0.2404,0.0053,data
Qwen/Qwen2.5-7B,prontoqa,8,input,per_cloud,0.1149,0.002,data
Qwen/Qwen2.5-7B,prontoqa,8,input,background,0.2505,0.0061,data
Qwen/Qwen2.5-7B,prontoqa,8,generated,raw,0.2107,0.0047,data
Qwen/Qwen2.5-7B,prontoqa,8,generated,pca_only,0.2125,0.0048,data
Qwen/Qwen2.5-7B,prontoqa,8,generated,per_cloud,0.1038,0.003,data
Qwen/Qwen2.5-7B,prontoqa,8,generated,background,0.2132,0.0042,data
Qwen/Qwen2.5-7B,prontoqa,8,thinking,raw,0.1794,0.0087,data
Qwen/Qwen2.5-7B,prontoqa,8,thinking,pca_only,0.1797,0.0087,data
Qwen/Qwen2.5-7B,prontoqa,8,thinking,per_cloud,0.0816,0.0027,data
Qwen/Qwen2.5-7B,prontoqa,8,thinking,background,0.1651,0.0082,data
Qwen/Qwen2.5-7B,prontoqa,8,last,raw,0.1563,0.0065,data
Qwen/Qwen2.5-7B,prontoqa,8,last,pca_only,0.1565,0.0065,data
Qwen/Qwen2.5-7B,prontoqa,8,last,per_cloud,0.082,0.0028,data
Qwen/Qwen2.5-7B,prontoqa,8,last,background,0.1502,0.0184,data
Qwen/Qwen2.5-7B,prontoqa,8,all,raw,0.2075,0.0038,data
Qwen/Qwen2.5-7B,prontoqa,8,all,pca_only,0.2095,0.0037,data
Qwen/Qwen2.5-7B,prontoqa,8,all,per_cloud,0.1094,0.0029,data
Qwen/Qwen2.5-7B,prontoqa,8,all,background,0.2086,0.0042,data
Qwen/Qwen2.5-7B,prontoqa,9,input,raw,0.2343,0.0057,data
Qwen/Qwen2.5-7B,prontoqa,9,input,pca_only,0.2366,0.0058,data
Qwen/Qwen2.5-7B,prontoqa,9,input,per_cloud,0.1156,0.0022,data
Qwen/Qwen2.5-7B,prontoqa,9,input,background,0.2484,0.0063,data
Qwen/Qwen2.5-7B,prontoqa,9,generated,raw,0.2178,0.0063,data
Qwen/Qwen2.5-7B,prontoqa,9,generated,pca_only,0.2199,0.0064,data
Qwen/Qwen2.5-7B,prontoqa,9,generated,per_cloud,0.1043,0.003,data
Qwen/Qwen2.5-7B,prontoqa,9,generated,background,0.2166,0.0047,data
Qwen/Qwen2.5-7B,prontoqa,9,thinking,raw,0.1828,0.0082,data
Qwen/Qwen2.5-7B,prontoqa,9,thinking,pca_only,0.1832,0.0082,data
Qwen/Qwen2.5-7B,prontoqa,9,thinking,per_cloud,0.0806,0.0025,data
Qwen/Qwen2.5-7B,prontoqa,9,thinking,background,0.1638,0.0077,data
Qwen/Qwen2.5-7B,prontoqa,9,last,raw,0.1427,0.0076,data
Qwen/Qwen2.5-7B,prontoqa,9,last,pca_only,0.1429,0.0076,data
Qwen/Qwen2.5-7B,prontoqa,9,last,per_cloud,0.0809,0.0024,data
Qwen/Qwen2.5-7B,prontoqa,9,last,background,0.1697,0.0191,data
Qwen/Qwen2.5-7B,prontoqa,9,all,raw,0.2093,0.0043,data
Qwen/Qwen2.5-7B,prontoqa,9,all,pca_only,0.2117,0.0044,data
Qwen/Qwen2.5-7B,prontoqa,9,all,per_cloud,0.109,0.003,data
Qwen/Qwen2.5-7B,prontoqa,9,all,background,0.2073,0.0043,data
Qwen/Qwen2.5-7B,prontoqa,10,input,raw,0.2339,0.0065,data
Qwen/Qwen2.5-7B,prontoqa,10,input,pca_only,0.2362,0.0066,data
Qwen/Qwen2.5-7B,prontoqa,10,input,per_cloud,0.1145,0.0025,data
Qwen/Qwen2.5-7B,prontoqa,10,input,background,0.2488,0.0065,data
Qwen/Qwen2.5-7B,prontoqa,10,generated,raw,0.229,0.0068,data
Qwen/Qwen2.5-7B,prontoqa,10,generated,pca_only,0.2308,0.0069,data
Qwen/Qwen2.5-7B,prontoqa,10,generated,per_cloud,0.1063,0.0031,data
Qwen/Qwen2.5-7B,prontoqa,10,generated,background,0.2175,0.0054,data
Qwen/Qwen2.5-7B,prontoqa,10,thinking,raw,0.1767,0.0079,data
Qwen/Qwen2.5-7B,prontoqa,10,thinking,pca_only,0.1772,0.0079,data
Qwen/Qwen2.5-7B,prontoqa,10,thinking,per_cloud,0.0815,0.0023,data
Qwen/Qwen2.5-7B,prontoqa,10,thinking,background,0.1635,0.0083,data
Qwen/Qwen2.5-7B,prontoqa,10,last,raw,0.1497,0.0077,data
Qwen/Qwen2.5-7B,prontoqa,10,last,pca_only,0.1499,0.0077,data
Qwen/Qwen2.5-7B,prontoqa,10,last,per_cloud,0.0814,0.0025,data
Qwen/Qwen2.5-7B,prontoqa,10,last,background,0.1662,0.0077,data
Qwen/Qwen2.5-7B,prontoqa,10,all,raw,0.2173,0.0053,data
Qwen/Qwen2.5-7B,prontoqa,10,all,pca_only,0.2193,0.0052,data
Qwen/Qwen2.5-7B,prontoqa,10,all,per_cloud,0.1111,0.0029,data
Qwen/Qwen2.5-7B,prontoqa,10,all,background,0.2112,0.0047,data
Qwen/Qwen2.5-7B,prontoqa,11,input,raw,0.2315,0.0066,data
Qwen/Qwen2.5-7B,prontoqa,11,input,pca_only,0.234,0.0066,data
Qwen/Qwen2.5-7B,prontoqa,11,input,per_cloud,0.1154,0.002,data
Qwen/Qwen2.5-7B,prontoqa,11,input,background,0.256,0.0055,data
Qwen/Qwen2.5-7B,prontoqa,11,generated,raw,0.2327,0.006,data
Qwen/Qwen2.5-7B,prontoqa,11,generated,pca_only,0.2343,0.0058,data
Qwen/Qwen2.5-7B,prontoqa,11,generated,per_cloud,0.1055,0.003,data
Qwen/Qwen2.5-7B,prontoqa,11,generated,background,0.2222,0.0051,data
Qwen/Qwen2.5-7B,prontoqa,11,thinking,raw,0.1785,0.0078,data
Qwen/Qwen2.5-7B,prontoqa,11,thinking,pca_only,0.1787,0.0078,data
Qwen/Qwen2.5-7B,prontoqa,11,thinking,per_cloud,0.0816,0.0023,data
Qwen/Qwen2.5-7B,prontoqa,11,thinking,background,0.1593,0.0083,data
Qwen/Qwen2.5-7B,prontoqa,11,last,raw,0.1519,0.0069,data
Qwen/Qwen2.5-7B,prontoqa,11,last,pca_only,0.152,0.0069,data
Qwen/Qwen2.5-7B,prontoqa,11,last,per_cloud,0.0805,0.0026,data
Qwen/Qwen2.5-7B,prontoqa,11,last,background,0.1895,0.0081,data
Qwen/Qwen2.5-7B,prontoqa,11,all,raw,0.2167,0.0043,data
Qwen/Qwen2.5-7B,prontoqa,11,all,pca_only,0.2186,0.0043,data
Qwen/Qwen2.5-7B,prontoqa,11,all,per_cloud,0.1112,0.0027,data
Qwen/Qwen2.5-7B,prontoqa,11,all,background,0.211,0.004,data
Qwen/Qwen2.5-7B,prontoqa,12,input,raw,0.2156,0.0067,data
Qwen/Qwen2.5-7B,prontoqa,12,input,pca_only,0.2179,0.0067,data
Qwen/Qwen2.5-7B,prontoqa,12,input,per_cloud,0.1141,0.0026,data
Qwen/Qwen2.5-7B,prontoqa,12,input,background,0.2411,0.0067,data
Qwen/Qwen2.5-7B,prontoqa,12,generated,raw,0.233,0.006,data
Qwen/Qwen2.5-7B,prontoqa,12,generated,pca_only,0.2346,0.006,data
Qwen/Qwen2.5-7B,prontoqa,12,generated,per_cloud,0.1055,0.0028,data
Qwen/Qwen2.5-7B,prontoqa,12,generated,background,0.2272,0.0053,data
Qwen/Qwen2.5-7B,prontoqa,12,thinking,raw,0.1778,0.0078,data
Qwen/Qwen2.5-7B,prontoqa,12,thinking,pca_only,0.1783,0.0078,data
Qwen/Qwen2.5-7B,prontoqa,12,thinking,per_cloud,0.0813,0.0019,data
Qwen/Qwen2.5-7B,prontoqa,12,thinking,background,0.1651,0.0078,data
Qwen/Qwen2.5-7B,prontoqa,12,last,raw,0.1446,0.0053,data
Qwen/Qwen2.5-7B,prontoqa,12,last,pca_only,0.1447,0.0053,data
Qwen/Qwen2.5-7B,prontoqa,12,last,per_cloud,0.0821,0.0023,data
Qwen/Qwen2.5-7B,prontoqa,12,last,background,0.1774,0.0053,data
Qwen/Qwen2.5-7B,prontoqa,12,all,raw,0.2157,0.0048,data
Qwen/Qwen2.5-7B,prontoqa,12,all,pca_only,0.217,0.0048,data
Qwen/Qwen2.5-7B,prontoqa,12,all,per_cloud,0.1115,0.003,data
Qwen/Qwen2.5-7B,prontoqa,12,all,background,0.2129,0.0042,data
Qwen/Qwen2.5-7B,prontoqa,13,input,raw,0.2047,0.0065,data
Qwen/Qwen2.5-7B,prontoqa,13,input,pca_only,0.2068,0.0065,data
Qwen/Qwen2.5-7B,prontoqa,13,input,per_cloud,0.1134,0.0023,data
Qwen/Qwen2.5-7B,prontoqa,13,input,background,0.2227,0.0069,data
Qwen/Qwen2.5-7B,prontoqa,13,generated,raw,0.2358,0.0068,data
Qwen/Qwen2.5-7B,prontoqa,13,generated,pca_only,0.2376,0.0068,data
Qwen/Qwen2.5-7B,prontoqa,13,generated,per_cloud,0.1065,0.0024,data
Qwen/Qwen2.5-7B,prontoqa,13,generated,background,0.222,0.0066,data
Qwen/Qwen2.5-7B,prontoqa,13,thinking,raw,0.1796,0.007,data
Qwen/Qwen2.5-7B,prontoqa,13,thinking,pca_only,0.1802,0.0069,data
Qwen/Qwen2.5-7B,prontoqa,13,thinking,per_cloud,0.0803,0.0021,data
Qwen/Qwen2.5-7B,prontoqa,13,thinking,background,0.166,0.0073,data
Qwen/Qwen2.5-7B,prontoqa,13,last,raw,0.1473,0.0067,data
Qwen/Qwen2.5-7B,prontoqa,13,last,pca_only,0.1475,0.0067,data
Qwen/Qwen2.5-7B,prontoqa,13,last,per_cloud,0.0816,0.0025,data
Qwen/Qwen2.5-7B,prontoqa,13,last,background,0.1581,0.0048,data
Qwen/Qwen2.5-7B,prontoqa,13,all,raw,0.2155,0.005,data
Qwen/Qwen2.5-7B,prontoqa,13,all,pca_only,0.2172,0.005,data
Qwen/Qwen2.5-7B,prontoqa,13,all,per_cloud,0.1123,0.0024,data
Qwen/Qwen2.5-7B,prontoqa,13,all,background,0.2093,0.0051,data
Qwen/Qwen2.5-7B,prontoqa,14,input,raw,0.1932,0.006,data
Qwen/Qwen2.5-7B,prontoqa,14,input,pca_only,0.1957,0.0062,data
Qwen/Qwen2.5-7B,prontoqa,14,input,per_cloud,0.1141,0.002,data
Qwen/Qwen2.5-7B,prontoqa,14,input,background,0.2126,0.0069,data
Qwen/Qwen2.5-7B,prontoqa,14,generated,raw,0.2456,0.0069,data
Qwen/Qwen2.5-7B,prontoqa,14,generated,pca_only,0.2477,0.0069,data
Qwen/Qwen2.5-7B,prontoqa,14,generated,per_cloud,0.1067,0.0029,data
Qwen/Qwen2.5-7B,prontoqa,14,generated,background,0.2291,0.0069,data
Qwen/Qwen2.5-7B,prontoqa,14,thinking,raw,0.1833,0.007,data
Qwen/Qwen2.5-7B,prontoqa,14,thinking,pca_only,0.1838,0.007,data
Qwen/Qwen2.5-7B,prontoqa,14,thinking,per_cloud,0.0806,0.0018,data
Qwen/Qwen2.5-7B,prontoqa,14,thinking,background,0.1724,0.0075,data
Qwen/Qwen2.5-7B,prontoqa,14,last,raw,0.1372,0.0069,data
Qwen/Qwen2.5-7B,prontoqa,14,last,pca_only,0.1373,0.0069,data
Qwen/Qwen2.5-7B,prontoqa,14,last,per_cloud,0.0815,0.0022,data
Qwen/Qwen2.5-7B,prontoqa,14,last,background,0.1574,0.0042,data
Qwen/Qwen2.5-7B,prontoqa,14,all,raw,0.225,0.0053,data
Qwen/Qwen2.5-7B,prontoqa,14,all,pca_only,0.2265,0.0053,data
Qwen/Qwen2.5-7B,prontoqa,14,all,per_cloud,0.1123,0.0025,data
Qwen/Qwen2.5-7B,prontoqa,14,all,background,0.2167,0.0058,data
Qwen/Qwen2.5-7B,prontoqa,15,input,raw,0.1889,0.0055,data
Qwen/Qwen2.5-7B,prontoqa,15,input,pca_only,0.1909,0.0055,data
Qwen/Qwen2.5-7B,prontoqa,15,input,per_cloud,0.1128,0.0022,data
Qwen/Qwen2.5-7B,prontoqa,15,input,background,0.2057,0.0063,data
Qwen/Qwen2.5-7B,prontoqa,15,generated,raw,0.2531,0.0083,data
Qwen/Qwen2.5-7B,prontoqa,15,generated,pca_only,0.255,0.0085,data
Qwen/Qwen2.5-7B,prontoqa,15,generated,per_cloud,0.1072,0.003,data
Qwen/Qwen2.5-7B,prontoqa,15,generated,background,0.2427,0.0075,data
Qwen/Qwen2.5-7B,prontoqa,15,thinking,raw,0.1817,0.0069,data
Qwen/Qwen2.5-7B,prontoqa,15,thinking,pca_only,0.1821,0.0068,data
Qwen/Qwen2.5-7B,prontoqa,15,thinking,per_cloud,0.0822,0.0021,data
Qwen/Qwen2.5-7B,prontoqa,15,thinking,background,0.1703,0.0072,data
Qwen/Qwen2.5-7B,prontoqa,15,last,raw,0.1287,0.0051,data
Qwen/Qwen2.5-7B,prontoqa,15,last,pca_only,0.1289,0.0051,data
Qwen/Qwen2.5-7B,prontoqa,15,last,per_cloud,0.0832,0.0026,data
Qwen/Qwen2.5-7B,prontoqa,15,last,background,0.1605,0.006,data
Qwen/Qwen2.5-7B,prontoqa,15,all,raw,0.2334,0.0059,data
Qwen/Qwen2.5-7B,prontoqa,15,all,pca_only,0.2354,0.0061,data
Qwen/Qwen2.5-7B,prontoqa,15,all,per_cloud,0.1124,0.0027,data
Qwen/Qwen2.5-7B,prontoqa,15,all,background,0.2291,0.0065,data
Qwen/Qwen2.5-7B,prontoqa,16,input,raw,0.1802,0.0054,data
Qwen/Qwen2.5-7B,prontoqa,16,input,pca_only,0.1818,0.0054,data
Qwen/Qwen2.5-7B,prontoqa,16,input,per_cloud,0.1139,0.0023,data
Qwen/Qwen2.5-7B,prontoqa,16,input,background,0.1989,0.0065,data
Qwen/Qwen2.5-7B,prontoqa,16,generated,raw,0.2549,0.0076,data
Qwen/Qwen2.5-7B,prontoqa,16,generated,pca_only,0.257,0.0075,data
Qwen/Qwen2.5-7B,prontoqa,16,generated,per_cloud,0.1071,0.0027,data
Qwen/Qwen2.5-7B,prontoqa,16,generated,background,0.2481,0.0074,data
Qwen/Qwen2.5-7B,prontoqa,16,thinking,raw,0.1843,0.0066,data
Qwen/Qwen2.5-7B,prontoqa,16,thinking,pca_only,0.1848,0.0066,data
Qwen/Qwen2.5-7B,prontoqa,16,thinking,per_cloud,0.0823,0.0019,data
Qwen/Qwen2.5-7B,prontoqa,16,thinking,background,0.1709,0.0067,data
Qwen/Qwen2.5-7B,prontoqa,16,last,raw,0.1334,0.0062,data
Qwen/Qwen2.5-7B,prontoqa,16,last,pca_only,0.1336,0.0062,data
Qwen/Qwen2.5-7B,prontoqa,16,last,per_cloud,0.0833,0.0031,data
Qwen/Qwen2.5-7B,prontoqa,16,last,background,0.1572,0.0066,data
Qwen/Qwen2.5-7B,prontoqa,16,all,raw,0.2366,0.0056,data
Qwen/Qwen2.5-7B,prontoqa,16,all,pca_only,0.2385,0.0056,data
Qwen/Qwen2.5-7B,prontoqa,16,all,per_cloud,0.1119,0.0027,data
Qwen/Qwen2.5-7B,prontoqa,16,all,background,0.2351,0.006,data
Qwen/Qwen2.5-7B,prontoqa,17,input,raw,0.1797,0.0058,data
Qwen/Qwen2.5-7B,prontoqa,17,input,pca_only,0.1821,0.0059,data
Qwen/Qwen2.5-7B,prontoqa,17,input,per_cloud,0.1128,0.003,data
Qwen/Qwen2.5-7B,prontoqa,17,input,background,0.1962,0.0083,data
Qwen/Qwen2.5-7B,prontoqa,17,generated,raw,0.2582,0.0076,data
Qwen/Qwen2.5-7B,prontoqa,17,generated,pca_only,0.2602,0.0077,data
Qwen/Qwen2.5-7B,prontoqa,17,generated,per_cloud,0.1065,0.0026,data
Qwen/Qwen2.5-7B,prontoqa,17,generated,background,0.2606,0.0079,data
Qwen/Qwen2.5-7B,prontoqa,17,thinking,raw,0.1844,0.0063,data
Qwen/Qwen2.5-7B,prontoqa,17,thinking,pca_only,0.185,0.0063,data
Qwen/Qwen2.5-7B,prontoqa,17,thinking,per_cloud,0.0806,0.002,data
Qwen/Qwen2.5-7B,prontoqa,17,thinking,background,0.1765,0.0067,data
Qwen/Qwen2.5-7B,prontoqa,17,last,raw,0.1354,0.0048,data
Qwen/Qwen2.5-7B,prontoqa,17,last,pca_only,0.1355,0.0048,data
Qwen/Qwen2.5-7B,prontoqa,17,last,per_cloud,0.0823,0.0028,data
Qwen/Qwen2.5-7B,prontoqa,17,last,background,0.1708,0.0071,data
Qwen/Qwen2.5-7B,prontoqa,17,all,raw,0.2443,0.0059,data
Qwen/Qwen2.5-7B,prontoqa,17,all,pca_only,0.2466,0.006,data
Qwen/Qwen2.5-7B,prontoqa,17,all,per_cloud,0.1112,0.0026,data
Qwen/Qwen2.5-7B,prontoqa,17,all,background,0.2443,0.0064,data
Qwen/Qwen2.5-7B,prontoqa,18,input,raw,0.1762,0.0057,data
Qwen/Qwen2.5-7B,prontoqa,18,input,pca_only,0.1788,0.0059,data
Qwen/Qwen2.5-7B,prontoqa,18,input,per_cloud,0.1122,0.0033,data
Qwen/Qwen2.5-7B,prontoqa,18,input,background,0.1914,0.0081,data
Qwen/Qwen2.5-7B,prontoqa,18,generated,raw,0.2496,0.0071,data
Qwen/Qwen2.5-7B,prontoqa,18,generated,pca_only,0.2517,0.0071,data
Qwen/Qwen2.5-7B,prontoqa,18,generated,per_cloud,0.1068,0.0024,data
Qwen/Qwen2.5-7B,prontoqa,18,generated,background,0.2516,0.0063,data
Qwen/Qwen2.5-7B,prontoqa,18,thinking,raw,0.188,0.0056,data
Qwen/Qwen2.5-7B,prontoqa,18,thinking,pca_only,0.1887,0.0057,data
Qwen/Qwen2.5-7B,prontoqa,18,thinking,per_cloud,0.0805,0.002,data
Qwen/Qwen2.5-7B,prontoqa,18,thinking,background,0.1765,0.0054,data
Qwen/Qwen2.5-7B,prontoqa,18,last,raw,0.1424,0.0042,data
Qwen/Qwen2.5-7B,prontoqa,18,last,pca_only,0.1426,0.0041,data
Qwen/Qwen2.5-7B,prontoqa,18,last,per_cloud,0.0838,0.0034,data
Qwen/Qwen2.5-7B,prontoqa,18,last,background,0.1862,0.0071,data
Qwen/Qwen2.5-7B,prontoqa,18,all,raw,0.2383,0.0053,data
Qwen/Qwen2.5-7B,prontoqa,18,all,pca_only,0.2406,0.0053,data
Qwen/Qwen2.5-7B,prontoqa,18,all,per_cloud,0.1098,0.0024,data
Qwen/Qwen2.5-7B,prontoqa,18,all,background,0.2414,0.0061,data
Qwen/Qwen2.5-7B,prontoqa,19,input,raw,0.1784,0.0063,data
Qwen/Qwen2.5-7B,prontoqa,19,input,pca_only,0.1814,0.0065,data
Qwen/Qwen2.5-7B,prontoqa,19,input,per_cloud,0.1102,0.0034,data
Qwen/Qwen2.5-7B,prontoqa,19,input,background,0.1934,0.008,data
Qwen/Qwen2.5-7B,prontoqa,19,generated,raw,0.2522,0.0056,data
Qwen/Qwen2.5-7B,prontoqa,19,generated,pca_only,0.2543,0.0057,data
Qwen/Qwen2.5-7B,prontoqa,19,generated,per_cloud,0.1051,0.0022,data
Qwen/Qwen2.5-7B,prontoqa,19,generated,background,0.2627,0.0058,data
Qwen/Qwen2.5-7B,prontoqa,19,thinking,raw,0.1852,0.006,data
Qwen/Qwen2.5-7B,prontoqa,19,thinking,pca_only,0.1859,0.006,data
Qwen/Qwen2.5-7B,prontoqa,19,thinking,per_cloud,0.0812,0.0025,data
Qwen/Qwen2.5-7B,prontoqa,19,thinking,background,0.1808,0.0056,data
Qwen/Qwen2.5-7B,prontoqa,19,last,raw,0.1428,0.0048,data
Qwen/Qwen2.5-7B,prontoqa,19,last,pca_only,0.1429,0.0048,data
Qwen/Qwen2.5-7B,prontoqa,19,last,per_cloud,0.0828,0.0027,data
Qwen/Qwen2.5-7B,prontoqa,19,last,background,0.1718,0.0081,data
Qwen/Qwen2.5-7B,prontoqa,19,all,raw,0.2367,0.0053,data
Qwen/Qwen2.5-7B,prontoqa,19,all,pca_only,0.2392,0.0053,data
Qwen/Qwen2.5-7B,prontoqa,19,all,per_cloud,0.1085,0.0025,data
Qwen/Qwen2.5-7B,prontoqa,19,all,background,0.2492,0.0054,data
Qwen/Qwen2.5-7B,prontoqa,20,input,raw,0.2049,0.0082,data
Qwen/Qwen2.5-7B,prontoqa,20,input,pca_only,0.208,0.0082,data
Qwen/Qwen2.5-7B,prontoqa,20,input,per_cloud,0.1088,0.0044,data
Qwen/Qwen2.5-7B,prontoqa,20,input,background,0.2233,0.0082,data
Qwen/Qwen2.5-7B,prontoqa,20,generated,raw,0.2542,0.0067,data
Qwen/Qwen2.5-7B,prontoqa,20,generated,pca_only,0.256,0.0068,data
Qwen/Qwen2.5-7B,prontoqa,20,generated,per_cloud,0.1039,0.0023,data
Qwen/Qwen2.5-7B,prontoqa,20,generated,background,0.2639,0.0065,data
Qwen/Qwen2.5-7B,prontoqa,20,thinking,raw,0.1891,0.006,data
Qwen/Qwen2.5-7B,prontoqa,20,thinking,pca_only,0.1897,0.0061,data
Qwen/Qwen2.5-7B,prontoqa,20,thinking,per_cloud,0.0809,0.0026,data
Qwen/Qwen2.5-7B,prontoqa,20,thinking,background,0.1857,0.0058,data
Qwen/Qwen2.5-7B,prontoqa,20,last,raw,0.1301,0.0049,data
Qwen/Qwen2.5-7B,prontoqa,20,last,pca_only,0.1302,0.0049,data
Qwen/Qwen2.5-7B,prontoqa,20,last,per_cloud,0.0815,0.0025,data
Qwen/Qwen2.5-7B,prontoqa,20,last,background,0.1657,0.0057,data
Qwen/Qwen2.5-7B,prontoqa,20,all,raw,0.2402,0.006,data
Qwen/Qwen2.5-7B,prontoqa,20,all,pca_only,0.2426,0.0059,data
Qwen/Qwen2.5-7B,prontoqa,20,all,per_cloud,0.1078,0.0023,data
Qwen/Qwen2.5-7B,prontoqa,20,all,background,0.2494,0.0056,data
Qwen/Qwen2.5-7B,prontoqa,21,input,raw,0.2188,0.009,data
Qwen/Qwen2.5-7B,prontoqa,21,input,pca_only,0.2224,0.0091,data
Qwen/Qwen2.5-7B,prontoqa,21,input,per_cloud,0.1086,0.0046,data
Qwen/Qwen2.5-7B,prontoqa,21,input,background,0.2308,0.009,data
Qwen/Qwen2.5-7B,prontoqa,21,generated,raw,0.2535,0.0065,data
Qwen/Qwen2.5-7B,prontoqa,21,generated,pca_only,0.2555,0.0066,data
Qwen/Qwen2.5-7B,prontoqa,21,generated,per_cloud,0.104,0.0024,data
Qwen/Qwen2.5-7B,prontoqa,21,generated,background,0.2592,0.006,data
Qwen/Qwen2.5-7B,prontoqa,21,thinking,raw,0.1851,0.0069,data
Qwen/Qwen2.5-7B,prontoqa,21,thinking,pca_only,0.1858,0.0071,data
Qwen/Qwen2.5-7B,prontoqa,21,thinking,per_cloud,0.0815,0.0025,data
Qwen/Qwen2.5-7B,prontoqa,21,thinking,background,0.1811,0.0058,data
Qwen/Qwen2.5-7B,prontoqa,21,last,raw,0.1254,0.0052,data
Qwen/Qwen2.5-7B,prontoqa,21,last,pca_only,0.1255,0.0052,data
Qwen/Qwen2.5-7B,prontoqa,21,last,per_cloud,0.0827,0.0025,data
Qwen/Qwen2.5-7B,prontoqa,21,last,background,0.1564,0.0039,data
Qwen/Qwen2.5-7B,prontoqa,21,all,raw,0.2408,0.0057,data
Qwen/Qwen2.5-7B,prontoqa,21,all,pca_only,0.243,0.0058,data
Qwen/Qwen2.5-7B,prontoqa,21,all,per_cloud,0.1086,0.0023,data
Qwen/Qwen2.5-7B,prontoqa,21,all,background,0.244,0.0052,data
Qwen/Qwen2.5-7B,prontoqa,22,input,raw,0.2471,0.0095,data
Qwen/Qwen2.5-7B,prontoqa,22,input,pca_only,0.2506,0.0096,data
Qwen/Qwen2.5-7B,prontoqa,22,input,per_cloud,0.1083,0.0049,data
Qwen/Qwen2.5-7B,prontoqa,22,input,background,0.246,0.0098,data
Qwen/Qwen2.5-7B,prontoqa,22,generated,raw,0.2495,0.0086,data
Qwen/Qwen2.5-7B,prontoqa,22,generated,pca_only,0.2511,0.0088,data
Qwen/Qwen2.5-7B,prontoqa,22,generated,per_cloud,0.1035,0.0029,data
Qwen/Qwen2.5-7B,prontoqa,22,generated,background,0.2538,0.0064,data
Qwen/Qwen2.5-7B,prontoqa,22,thinking,raw,0.1794,0.0068,data
Qwen/Qwen2.5-7B,prontoqa,22,thinking,pca_only,0.1801,0.0068,data
Qwen/Qwen2.5-7B,prontoqa,22,thinking,per_cloud,0.082,0.0029,data
Qwen/Qwen2.5-7B,prontoqa,22,thinking,background,0.173,0.0067,data
Qwen/Qwen2.5-7B,prontoqa,22,last,raw,0.1181,0.0065,data
Qwen/Qwen2.5-7B,prontoqa,22,last,pca_only,0.1182,0.0065,data
Qwen/Qwen2.5-7B,prontoqa,22,last,per_cloud,0.0821,0.0023,data
Qwen/Qwen2.5-7B,prontoqa,22,last,background,0.152,0.0064,data
Qwen/Qwen2.5-7B,prontoqa,22,all,raw,0.2477,0.0066,data
Qwen/Qwen2.5-7B,prontoqa,22,all,pca_only,0.2496,0.0067,data
Qwen/Qwen2.5-7B,prontoqa,22,all,per_cloud,0.1087,0.0025,data
Qwen/Qwen2.5-7B,prontoqa,22,all,background,0.2398,0.0053,data
Qwen/Qwen2.5-7B,prontoqa,23,input,raw,0.2512,0.0085,data
Qwen/Qwen2.5-7B,prontoqa,23,input,pca_only,0.2548,0.0087,data
Qwen/Qwen2.5-7B,prontoqa,23,input,per_cloud,0.1078,0.0048,data
Qwen/Qwen2.5-7B,prontoqa,23,input,background,0.2471,0.0088,data
Qwen/Qwen2.5-7B,prontoqa,23,generated,raw,0.2462,0.008,data
Qwen/Qwen2.5-7B,prontoqa,23,generated,pca_only,0.2481,0.0081,data
Qwen/Qwen2.5-7B,prontoqa,23,generated,per_cloud,0.1051,0.0029,data
Qwen/Qwen2.5-7B,prontoqa,23,generated,background,0.2461,0.0053,data
Qwen/Qwen2.5-7B,prontoqa,23,thinking,raw,0.1845,0.0073,data
Qwen/Qwen2.5-7B,prontoqa,23,thinking,pca_only,0.1852,0.0073,data
Qwen/Qwen2.5-7B,prontoqa,23,thinking,per_cloud,0.0834,0.0035,data
Qwen/Qwen2.5-7B,prontoqa,23,thinking,background,0.1807,0.0082,data
Qwen/Qwen2.5-7B,prontoqa,23,last,raw,0.1096,0.006,data
Qwen/Qwen2.5-7B,prontoqa,23,last,pca_only,0.1097,0.006,data
Qwen/Qwen2.5-7B,prontoqa,23,last,per_cloud,0.0827,0.0023,data
Qwen/Qwen2.5-7B,prontoqa,23,last,background,0.1242,0.0116,data
Qwen/Qwen2.5-7B,prontoqa,23,all,raw,0.2428,0.0062,data
Qwen/Qwen2.5-7B,prontoqa,23,all,pca_only,0.2453,0.0064,data
Qwen/Qwen2.5-7B,prontoqa,23,all,per_cloud,0.1099,0.0025,data
Qwen/Qwen2.5-7B,prontoqa,23,all,background,0.2302,0.005,data
Qwen/Qwen2.5-7B,prontoqa,24,input,raw,0.2491,0.0076,data
Qwen/Qwen2.5-7B,prontoqa,24,input,pca_only,0.2531,0.0076,data
Qwen/Qwen2.5-7B,prontoqa,24,input,per_cloud,0.1076,0.0049,data
Qwen/Qwen2.5-7B,prontoqa,24,input,background,0.254,0.0084,data
Qwen/Qwen2.5-7B,prontoqa,24,generated,raw,0.2442,0.0071,data
Qwen/Qwen2.5-7B,prontoqa,24,generated,pca_only,0.2459,0.0071,data
Qwen/Qwen2.5-7B,prontoqa,24,generated,per_cloud,0.1053,0.0028,data
Qwen/Qwen2.5-7B,prontoqa,24,generated,background,0.2425,0.0048,data
Qwen/Qwen2.5-7B,prontoqa,24,thinking,raw,0.1777,0.0069,data
Qwen/Qwen2.5-7B,prontoqa,24,thinking,pca_only,0.1782,0.0069,data
Qwen/Qwen2.5-7B,prontoqa,24,thinking,per_cloud,0.0844,0.0035,data
Qwen/Qwen2.5-7B,prontoqa,24,thinking,background,0.1775,0.0092,data
Qwen/Qwen2.5-7B,prontoqa,24,last,raw,0.1043,0.0049,data
Qwen/Qwen2.5-7B,prontoqa,24,last,pca_only,0.1045,0.0048,data
Qwen/Qwen2.5-7B,prontoqa,24,last,per_cloud,0.0847,0.002,data
Qwen/Qwen2.5-7B,prontoqa,24,last,background,0.1197,0.0127,data
Qwen/Qwen2.5-7B,prontoqa,24,all,raw,0.2402,0.0059,data
Qwen/Qwen2.5-7B,prontoqa,24,all,pca_only,0.2425,0.0059,data
Qwen/Qwen2.5-7B,prontoqa,24,all,per_cloud,0.1098,0.0028,data
Qwen/Qwen2.5-7B,prontoqa,24,all,background,0.2254,0.0041,data
Qwen/Qwen2.5-7B,prontoqa,25,input,raw,0.2493,0.0056,data
Qwen/Qwen2.5-7B,prontoqa,25,input,pca_only,0.2534,0.0058,data
Qwen/Qwen2.5-7B,prontoqa,25,input,per_cloud,0.1092,0.0047,data
Qwen/Qwen2.5-7B,prontoqa,25,input,background,0.2529,0.0084,data
Qwen/Qwen2.5-7B,prontoqa,25,generated,raw,0.2271,0.0072,data
Qwen/Qwen2.5-7B,prontoqa,25,generated,pca_only,0.229,0.0072,data
Qwen/Qwen2.5-7B,prontoqa,25,generated,per_cloud,0.1056,0.0027,data
Qwen/Qwen2.5-7B,prontoqa,25,generated,background,0.2334,0.0048,data
Qwen/Qwen2.5-7B,prontoqa,25,thinking,raw,0.1834,0.0076,data
Qwen/Qwen2.5-7B,prontoqa,25,thinking,pca_only,0.1845,0.0077,data
Qwen/Qwen2.5-7B,prontoqa,25,thinking,per_cloud,0.0877,0.0027,data
Qwen/Qwen2.5-7B,prontoqa,25,thinking,background,0.1837,0.009,data
Qwen/Qwen2.5-7B,prontoqa,25,last,raw,0.1021,0.0047,data
Qwen/Qwen2.5-7B,prontoqa,25,last,pca_only,0.1022,0.0047,data
Qwen/Qwen2.5-7B,prontoqa,25,last,per_cloud,0.0841,0.0019,data
Qwen/Qwen2.5-7B,prontoqa,25,last,background,0.137,0.0158,data
Qwen/Qwen2.5-7B,prontoqa,25,all,raw,0.2307,0.0069,data
Qwen/Qwen2.5-7B,prontoqa,25,all,pca_only,0.2329,0.0069,data
Qwen/Qwen2.5-7B,prontoqa,25,all,per_cloud,0.1119,0.0026,data
Qwen/Qwen2.5-7B,prontoqa,25,all,background,0.2202,0.0045,data
Qwen/Qwen2.5-7B,prontoqa,26,input,raw,0.2395,0.0065,data
Qwen/Qwen2.5-7B,prontoqa,26,input,pca_only,0.2439,0.0066,data
Qwen/Qwen2.5-7B,prontoqa,26,input,per_cloud,0.1077,0.0043,data
Qwen/Qwen2.5-7B,prontoqa,26,input,background,0.247,0.0073,data
Qwen/Qwen2.5-7B,prontoqa,26,generated,raw,0.2331,0.0076,data
Qwen/Qwen2.5-7B,prontoqa,26,generated,pca_only,0.2353,0.0078,data
Qwen/Qwen2.5-7B,prontoqa,26,generated,per_cloud,0.1063,0.0028,data
Qwen/Qwen2.5-7B,prontoqa,26,generated,background,0.2283,0.0056,data
Qwen/Qwen2.5-7B,prontoqa,26,thinking,raw,0.1803,0.0079,data
Qwen/Qwen2.5-7B,prontoqa,26,thinking,pca_only,0.1811,0.008,data
Qwen/Qwen2.5-7B,prontoqa,26,thinking,per_cloud,0.0902,0.0025,data
Qwen/Qwen2.5-7B,prontoqa,26,thinking,background,0.1751,0.01,data
Qwen/Qwen2.5-7B,prontoqa,26,last,raw,0.1028,0.0047,data
Qwen/Qwen2.5-7B,prontoqa,26,last,pca_only,0.1029,0.0047,data
Qwen/Qwen2.5-7B,prontoqa,26,last,per_cloud,0.0844,0.0028,data
Qwen/Qwen2.5-7B,prontoqa,26,last,background,0.126,0.0156,data
Qwen/Qwen2.5-7B,prontoqa,26,all,raw,0.2345,0.0061,data
Qwen/Qwen2.5-7B,prontoqa,26,all,pca_only,0.2369,0.0063,data
Qwen/Qwen2.5-7B,prontoqa,26,all,per_cloud,0.1111,0.0026,data
Qwen/Qwen2.5-7B,prontoqa,26,all,background,0.2173,0.0045,data
Qwen/Qwen2.5-7B,prontoqa,27,input,raw,0.2076,0.0058,data
Qwen/Qwen2.5-7B,prontoqa,27,input,pca_only,0.2113,0.0059,data
Qwen/Qwen2.5-7B,prontoqa,27,input,per_cloud,0.1087,0.0043,data
Qwen/Qwen2.5-7B,prontoqa,27,input,background,0.235,0.0068,data
Qwen/Qwen2.5-7B,prontoqa,27,generated,raw,0.222,0.0065,data
Qwen/Qwen2.5-7B,prontoqa,27,generated,pca_only,0.2243,0.0067,data
Qwen/Qwen2.5-7B,prontoqa,27,generated,per_cloud,0.1071,0.0027,data
Qwen/Qwen2.5-7B,prontoqa,27,generated,background,0.2177,0.0047,data
Qwen/Qwen2.5-7B,prontoqa,27,thinking,raw,0.206,0.0081,data
Qwen/Qwen2.5-7B,prontoqa,27,thinking,pca_only,0.2071,0.0082,data
Qwen/Qwen2.5-7B,prontoqa,27,thinking,per_cloud,0.0925,0.0024,data
Qwen/Qwen2.5-7B,prontoqa,27,thinking,background,0.2104,0.0115,data
Qwen/Qwen2.5-7B,prontoqa,27,last,raw,0.1028,0.004,data
Qwen/Qwen2.5-7B,prontoqa,27,last,pca_only,0.103,0.004,data
Qwen/Qwen2.5-7B,prontoqa,27,last,per_cloud,0.0846,0.0025,data
Qwen/Qwen2.5-7B,prontoqa,27,last,background,0.1166,0.011,data
Qwen/Qwen2.5-7B,prontoqa,27,all,raw,0.2264,0.0054,data
Qwen/Qwen2.5-7B,prontoqa,27,all,pca_only,0.2291,0.0054,data
Qwen/Qwen2.5-7B,prontoqa,27,all,per_cloud,0.1133,0.0023,data
Qwen/Qwen2.5-7B,prontoqa,27,all,background,0.218,0.0042,data
Qwen/Qwen2.5-7B,prontoqa,28,input,raw,0.2241,0.009,data
Qwen/Qwen2.5-7B,prontoqa,28,input,pca_only,0.2261,0.0091,data
Qwen/Qwen2.5-7B,prontoqa,28,input,per_cloud,0.117,0.0032,data
Qwen/Qwen2.5-7B,prontoqa,28,input,background,0.2405,0.0042,data
Qwen/Qwen2.5-7B,prontoqa,28,generated,raw,0.2424,0.0061,data
Qwen/Qwen2.5-7B,prontoqa,28,generated,pca_only,0.2439,0.0062,data
Qwen/Qwen2.5-7B,prontoqa,28,generated,per_cloud,0.1116,0.0028,data
Qwen/Qwen2.5-7B,prontoqa,28,generated,background,0.23,0.003,data
Qwen/Qwen2.5-7B,prontoqa,28,thinking,raw,0.2409,0.0056,data
Qwen/Qwen2.5-7B,prontoqa,28,thinking,pca_only,0.2415,0.0055,data
Qwen/Qwen2.5-7B,prontoqa,28,thinking,per_cloud,0.0942,0.0024,data
Qwen/Qwen2.5-7B,prontoqa,28,thinking,background,0.225,0.0052,data
Qwen/Qwen2.5-7B,prontoqa,28,last,raw,0.2465,0.0071,data
Qwen/Qwen2.5-7B,prontoqa,28,last,pca_only,0.2466,0.0071,data
Qwen/Qwen2.5-7B,prontoqa,28,last,per_cloud,0.0851,0.0021,data
Qwen/Qwen2.5-7B,prontoqa,28,last,background,0.0949,0.0063,data
Qwen/Qwen2.5-7B,prontoqa,28,all,raw,0.2422,0.0056,data
Qwen/Qwen2.5-7B,prontoqa,28,all,pca_only,0.2438,0.0057,data
Qwen/Qwen2.5-7B,prontoqa,28,all,per_cloud,0.1155,0.0028,data
Qwen/Qwen2.5-7B,prontoqa,28,all,background,0.2376,0.0036,data
deepseek-ai/DeepSeek-R1-Distill-Qwen-7B,prontoqa,-1,control,distance_matrix,0.0,0.0,tree_control
deepseek-ai/DeepSeek-R1-Distill-Qwen-7B,prontoqa,-1,control,raw,0.1912,0.0018,gaussian_control
deepseek-ai/DeepSeek-R1-Distill-Qwen-7B,prontoqa,-1,control,raw,0.2019,0.0019,sphere_control
deepseek-ai/DeepSeek-R1-Distill-Qwen-7B,prontoqa,0,input,raw,0.2449,0.0109,data
deepseek-ai/DeepSeek-R1-Distill-Qwen-7B,prontoqa,0,input,pca_only,0.2449,0.0109,data
deepseek-ai/DeepSeek-R1-Distill-Qwen-7B,prontoqa,0,input,per_cloud,0.242,0.0043,data
deepseek-ai/DeepSeek-R1-Distill-Qwen-7B,prontoqa,0,input,background,0.2439,0.0095,data
deepseek-ai/DeepSeek-R1-Distill-Qwen-7B,prontoqa,0,generated,raw,0.2158,0.004,data
deepseek-ai/DeepSeek-R1-Distill-Qwen-7B,prontoqa,0,generated,pca_only,0.2204,0.004,data
deepseek-ai/DeepSeek-R1-Distill-Qwen-7B,prontoqa,0,generated,per_cloud,0.1087,0.0029,data
deepseek-ai/DeepSeek-R1-Distill-Qwen-7B,prontoqa,0,generated,background,0.2172,0.0048,data
deepseek-ai/DeepSeek-R1-Distill-Qwen-7B,prontoqa,0,thinking,raw,0.2093,0.0055,data
deepseek-ai/DeepSeek-R1-Distill-Qwen-7B,prontoqa,0,thinking,pca_only,0.2093,0.0055,data
deepseek-ai/DeepSeek-R1-Distill-Qwen-7B,prontoqa,0,thinking,per_cloud,0.1094,0.0022,data
deepseek-ai/DeepSeek-R1-Distill-Qwen-7B,prontoqa,0,thinking,background,0.208,0.0061,data
deepseek-ai/DeepSeek-R1-Distill-Qwen-7B,prontoqa,0,last,raw,0.0831,0.0057,data
deepseek-ai/DeepSeek-R1-Distill-Qwen-7B,prontoqa,0,last,pca_only,0.0901,0.0047,data
deepseek-ai/DeepSeek-R1-Distill-Qwen-7B,prontoqa,0,last,per_cloud,0.0633,0.0042,data
deepseek-ai/DeepSeek-R1-Distill-Qwen-7B,prontoqa,0,last,background,0.1438,0.0034,data
deepseek-ai/DeepSeek-R1-Distill-Qwen-7B,prontoqa,0,all,raw,0.2272,0.0038,data
deepseek-ai/DeepSeek-R1-Distill-Qwen-7B,prontoqa,0,all,pca_only,0.2307,0.0038,data
deepseek-ai/DeepSeek-R1-Distill-Qwen-7B,prontoqa,0,all,per_cloud,0.1078,0.0031,data
deepseek-ai/DeepSeek-R1-Distill-Qwen-7B,prontoqa,0,all,background,0.2276,0.0038,data
deepseek-ai/DeepSeek-R1-Distill-Qwen-7B,prontoqa,1,input,raw,0.2528,0.0075,data
deepseek-ai/DeepSeek-R1-Distill-Qwen-7B,prontoqa,1,input,pca_only,0.253,0.0075,data
deepseek-ai/DeepSeek-R1-Distill-Qwen-7B,prontoqa,1,input,per_cloud,0.1123,0.0025,data
deepseek-ai/DeepSeek-R1-Distill-Qwen-7B,prontoqa,1,input,background,0.2555,0.0062,data
deepseek-ai/DeepSeek-R1-Distill-Qwen-7B,prontoqa,1,generated,raw,0.217,0.0043,data
deepseek-ai/DeepSeek-R1-Distill-Qwen-7B,prontoqa,1,generated,pca_only,0.2223,0.0043,data
deepseek-ai/DeepSeek-R1-Distill-Qwen-7B,prontoqa,1,generated,per_cloud,0.1087,0.003,data
deepseek-ai/DeepSeek-R1-Distill-Qwen-7B,prontoqa,1,generated,background,0.2322,0.0053,data
deepseek-ai/DeepSeek-R1-Distill-Qwen-7B,prontoqa,1,thinking,raw,0.1968,0.0058,data
deepseek-ai/DeepSeek-R1-Distill-Qwen-7B,prontoqa,1,thinking,pca_only,0.1977,0.0059,data
deepseek-ai/DeepSeek-R1-Distill-Qwen-7B,prontoqa,1,thinking,per_cloud,0.0981,0.0027,data
deepseek-ai/DeepSeek-R1-Distill-Qwen-7B,prontoqa,1,thinking,background,0.2018,0.006,data
deepseek-ai/DeepSeek-R1-Distill-Qwen-7B,prontoqa,1,last,raw,0.0668,0.003,data
deepseek-ai/DeepSeek-R1-Distill-Qwen-7B,prontoqa,1,last,pca_only,0.0779,0.0036,data
deepseek-ai/DeepSeek-R1-Distill-Qwen-7B,prontoqa,1,last,per_cloud,0.0696,0.0029,data
deepseek-ai/DeepSeek-R1-Distill-Qwen-7B,prontoqa,1,last,background,0.1243,0.0045,data
deepseek-ai/DeepSeek-R1-Distill-Qwen-7B,prontoqa,1,all,raw,0.2326,0.0049,data
deepseek-ai/DeepSeek-R1-Distill-Qwen-7B,prontoqa,1,all,pca_only,0.2368,0.0051,data
deepseek-ai/DeepSeek-R1-Distill-Qwen-7B,prontoqa,1,all,per_cloud,0.1082,0.0027,data
deepseek-ai/DeepSeek-R1-Distill-Qwen-7B,prontoqa,1,all,background,0.2417,0.0047,data
deepseek-ai/DeepSeek-R1-Distill-Qwen-7B,prontoqa,2,input,raw,0.2544,0.0071,data
deepseek-ai/DeepSeek-R1-Distill-Qwen-7B,prontoqa,2,input,pca_only,0.2547,0.0071,data
deepseek-ai/DeepSeek-R1-Distill-Qwen-7B,prontoqa,2,input,per_cloud,0.1143,0.0021,data
deepseek-ai/DeepSeek-R1-Distill-Qwen-7B,prontoqa,2,input,background,0.2626,0.0042,data
deepseek-ai/DeepSeek-R1-Distill-Qwen-7B,prontoqa,2,generated,raw,0.21,0.0049,data
deepseek-ai/DeepSeek-R1-Distill-Qwen-7B,prontoqa,2,generated,pca_only,0.2148,0.005,data
deepseek-ai/DeepSeek-R1-Distill-Qwen-7B,prontoqa,2,generated,per_cloud,0.1091,0.003,data
deepseek-ai/DeepSeek-R1-Distill-Qwen-7B,prontoqa,2,generated,background,0.2338,0.0045,data
deepseek-ai/DeepSeek-R1-Distill-Qwen-7B,prontoqa,2,thinking,raw,0.1955,0.0102,data
deepseek-ai/DeepSeek-R1-Distill-Qwen-7B,prontoqa,2,thinking,pca_only,0.1969,0.0104,data
deepseek-ai/DeepSeek-R1-Distill-Qwen-7B,prontoqa,2,thinking,per_cloud,0.098,0.0023,data
deepseek-ai/DeepSeek-R1-Distill-Qwen-7B,prontoqa,2,thinking,background,0.2039,0.0053,data
deepseek-ai/DeepSeek-R1-Distill-Qwen-7B,prontoqa,2,last,raw,0.0727,0.0023,data
deepseek-ai/DeepSeek-R1-Distill-Qwen-7B,prontoqa,2,last,pca_only,0.0855,0.0033,data
deepseek-ai/DeepSeek-R1-Distill-Qwen-7B,prontoqa,2,last,per_cloud,0.0716,0.0028,data
deepseek-ai/DeepSeek-R1-Distill-Qwen-7B,prontoqa,2,last,background,0.1211,0.0028,data
deepseek-ai/DeepSeek-R1-Distill-Qwen-7B,prontoqa,2,all,raw,0.2277,0.0038,data
deepseek-ai/DeepSeek-R1-Distill-Qwen-7B,prontoqa,2,all,pca_only,0.2314,0.0041,data
deepseek-ai/DeepSeek-R1-Distill-Qwen-7B,prontoqa,2,all,per_cloud,0.1086,0.0032,data
deepseek-ai/DeepSeek-R1-Distill-Qwen-7B,prontoqa,2,all,background,0.2392,0.0044,data
deepseek-ai/DeepSeek-R1-Distill-Qwen-7B,prontoqa,3,input,raw,0.2486,0.0059,data
deepseek-ai/DeepSeek-R1-Distill-Qwen-7B,prontoqa,3,input,pca_only,0.2491,0.0059,data
deepseek-ai/DeepSeek-R1-Distill-Qwen-7B,prontoqa,3,input,per_cloud,0.1165,0.0025,data
deepseek-ai/DeepSeek-R1-Distill-Qwen-7B,prontoqa,3,input,background,0.2572,0.0038,data
deepseek-ai/DeepSeek-R1-Distill-Qwen-7B,prontoqa,3,generated,raw,0.2084,0.0042,data
deepseek-ai/DeepSeek-R1-Distill-Qwen-7B,prontoqa,3,generated,pca_only,0.2131,0.0042,data
deepseek-ai/DeepSeek-R1-Distill-Qwen-7B,prontoqa,3,generated,per_cloud,0.1098,0.0028,data
deepseek-ai/DeepSeek-R1-Distill-Qwen-7B,prontoqa,3,generated,background,0.228,0.0052,data
deepseek-ai/DeepSeek-R1-Distill-Qwen-7B,prontoqa,3,thinking,raw,0.193,0.007,data
deepseek-ai/DeepSeek-R1-Distill-Qwen-7B,prontoqa,3,thinking,pca_only,0.1948,0.0069,data
deepseek-ai/DeepSeek-R1-Distill-Qwen-7B,prontoqa,3,thinking,per_cloud,0.0978,0.0027,data
deepseek-ai/DeepSeek-R1-Distill-Qwen-7B,prontoqa,3,thinking,background,0.2078,0.0055,data
deepseek-ai/DeepSeek-R1-Distill-Qwen-7B,prontoqa,3,last,raw,0.0739,0.0021,data
deepseek-ai/DeepSeek-R1-Distill-Qwen-7B,prontoqa,3,last,pca_only,0.0885,0.0027,data
deepseek-ai/DeepSeek-R1-Distill-Qwen-7B,prontoqa,3,last,per_cloud,0.0721,0.0024,data
deepseek-ai/DeepSeek-R1-Distill-Qwen-7B,prontoqa,3,last,background,0.1222,0.0022,data
deepseek-ai/DeepSeek-R1-Distill-Qwen-7B,prontoqa,3,all,raw,0.2216,0.004,data
deepseek-ai/DeepSeek-R1-Distill-Qwen-7B,prontoqa,3,all,pca_only,0.2255,0.0039,data
deepseek-ai/DeepSeek-R1-Distill-Qwen-7B,prontoqa,3,all,per_cloud,0.1103,0.0027,data
deepseek-ai/DeepSeek-R1-Distill-Qwen-7B,prontoqa,3,all,background,0.2334,0.0042,data
deepseek-ai/DeepSeek-R1-Distill-Qwen-7B,prontoqa,4,input,raw,0.2452,0.005,data
deepseek-ai/DeepSeek-R1-Distill-Qwen-7B,prontoqa,4,input,pca_only,0.2458,0.005,data
deepseek-ai/DeepSeek-R1-Distill-Qwen-7B,prontoqa,4,input,per_cloud,0.1184,0.0022,data
deepseek-ai/DeepSeek-R1-Distill-Qwen-7B,prontoqa,4,input,background,0.2532,0.0038,data
deepseek-ai/DeepSeek-R1-Distill-Qwen-7B,prontoqa,4,generated,raw,0.1948,0.0047,data
deepseek-ai/DeepSeek-R1-Distill-Qwen-7B,prontoqa,4,generated,pca_only,0.2003,0.0046,data
deepseek-ai/DeepSeek-R1-Distill-Qwen-7B,prontoqa,4,generated,per_cloud,0.1127,0.0029,data
deepseek-ai/DeepSeek-R1-Distill-Qwen-7B,prontoqa,4,generated,background,0.2136,0.0052,data
deepseek-ai/DeepSeek-R1-Distill-Qwen-7B,prontoqa,4,thinking,raw,0.1906,0.014,data
deepseek-ai/DeepSeek-R1-Distill-Qwen-7B,prontoqa,4,thinking,pca_only,0.1924,0.0141,data
deepseek-ai/DeepSeek-R1-Distill-Qwen-7B,prontoqa,4,thinking,per_cloud,0.0955,0.0026,data
deepseek-ai/DeepSeek-R1-Distill-Qwen-7B,prontoqa,4,thinking,background,0.2002,0.0079,data
deepseek-ai/DeepSeek-R1-Distill-Qwen-7B,prontoqa,4,last,raw,0.0755,0.0019,data
deepseek-ai/DeepSeek-R1-Distill-Qwen-7B,prontoqa,4,last,pca_only,0.0923,0.0024,data
deepseek-ai/DeepSeek-R1-Distill-Qwen-7B,prontoqa,4,last,per_cloud,0.0766,0.0029,data
deepseek-ai/DeepSeek-R1-Distill-Qwen-7B,prontoqa,4,last,background,0.124,0.0028,data
deepseek-ai/DeepSeek-R1-Distill-Qwen-7B,prontoqa,4,all,raw,0.2119,0.0037,data
deepseek-ai/DeepSeek-R1-Distill-Qwen-7B,prontoqa,4,all,pca_only,0.2168,0.0035,data
deepseek-ai/DeepSeek-R1-Distill-Qwen-7B,prontoqa,4,all,per_cloud,0.1117,0.003,data
deepseek-ai/DeepSeek-R1-Distill-Qwen-7B,prontoqa,4,all,background,0.2226,0.0048,data
deepseek-ai/DeepSeek-R1-Distill-Qwen-7B,prontoqa,5,input,raw,0.2443,0.0052,data
deepseek-ai/DeepSeek-R1-Distill-Qwen-7B,prontoqa,5,input,pca_only,0.245,0.0053,data
deepseek-ai/DeepSeek-R1-Distill-Qwen-7B,prontoqa,5,input,per_cloud,0.117,0.0021,data
deepseek-ai/DeepSeek-R1-Distill-Qwen-7B,prontoqa,5,input,background,0.2439,0.0041,data
deepseek-ai/DeepSeek-R1-Distill-Qwen-7B,prontoqa,5,generated,raw,0.1868,0.0057,data
deepseek-ai/DeepSeek-R1-Distill-Qwen-7B,prontoqa,5,generated,pca_only,0.1928,0.0058,data
deepseek-ai/DeepSeek-R1-Distill-Qwen-7B,prontoqa,5,generated,per_cloud,0.1123,0.0026,data
deepseek-ai/DeepSeek-R1-Distill-Qwen-7B,prontoqa,5,generated,background,0.21,0.0055,data
deepseek-ai/DeepSeek-R1-Distill-Qwen-7B,prontoqa,5,thinking,raw,0.1816,0.0127,data
deepseek-ai/DeepSeek-R1-Distill-Qwen-7B,prontoqa,5,thinking,pca_only,0.1848,0.0131,data
deepseek-ai/DeepSeek-R1-Distill-Qwen-7B,prontoqa,5,thinking,per_cloud,0.0948,0.0026,data
deepseek-ai/DeepSeek-R1-Distill-Qwen-7B,prontoqa,5,thinking,background,0.1932,0.0085,data
deepseek-ai/DeepSeek-R1-Distill-Qwen-7B,prontoqa,5,last,raw,0.0729,0.003,data
deepseek-ai/DeepSeek-R1-Distill-Qwen-7B,prontoqa,5,last,pca_only,0.0905,0.0047,data
deepseek-ai/DeepSeek-R1-Distill-Qwen-7B,prontoqa,5,last,per_cloud,0.0803,0.0017,data
deepseek-ai/DeepSeek-R1-Distill-Qwen-7B,prontoqa,5,last,background,0.1254,0.0019,data
deepseek-ai/DeepSeek-R1-Distill-Qwen-7B,prontoqa,5,all,raw,0.2062,0.0042,data
deepseek-ai/DeepSeek-R1-Distill-Qwen-7B,prontoqa,5,all,pca_only,0.2115,0.0041,data
deepseek-ai/DeepSeek-R1-Distill-Qwen-7B,prontoqa,5,all,per_cloud,0.1124,0.0025,data
deepseek-ai/DeepSeek-R1-Distill-Qwen-7B,prontoqa,5,all,background,0.2187,0.004,data
deepseek-ai/DeepSeek-R1-Distill-Qwen-7B,prontoqa,6,input,raw,0.2382,0.0074,data
deepseek-ai/DeepSeek-R1-Distill-Qwen-7B,prontoqa,6,input,pca_only,0.2391,0.0074,data
deepseek-ai/DeepSeek-R1-Distill-Qwen-7B,prontoqa,6,input,per_cloud,0.1168,0.002,data
deepseek-ai/DeepSeek-R1-Distill-Qwen-7B,prontoqa,6,input,background,0.2472,0.0066,data
deepseek-ai/DeepSeek-R1-Distill-Qwen-7B,prontoqa,6,generated,raw,0.1793,0.0059,data
deepseek-ai/DeepSeek-R1-Distill-Qwen-7B,prontoqa,6,generated,pca_only,0.1862,0.006,data
deepseek-ai/DeepSeek-R1-Distill-Qwen-7B,prontoqa,6,generated,per_cloud,0.1125,0.0024,data
deepseek-ai/DeepSeek-R1-Distill-Qwen-7B,prontoqa,6,generated,background,0.2045,0.0064,data
deepseek-ai/DeepSeek-R1-Distill-Qwen-7B,prontoqa,6,thinking,raw,0.1832,0.0093,data
deepseek-ai/DeepSeek-R1-Distill-Qwen-7B,prontoqa,6,thinking,pca_only,0.1873,0.0095,data
deepseek-ai/DeepSeek-R1-Distill-Qwen-7B,prontoqa,6,thinking,per_cloud,0.094,0.0028,data
deepseek-ai/DeepSeek-R1-Distill-Qwen-7B,prontoqa,6,thinking,background,0.1985,0.0065,data
deepseek-ai/DeepSeek-R1-Distill-Qwen-7B,prontoqa,6,last,raw,0.0815,0.0031,data
deepseek-ai/DeepSeek-R1-Distill-Qwen-7B,prontoqa,6,last,pca_only,0.0995,0.0047,data
deepseek-ai/DeepSeek-R1-Distill-Qwen-7B,prontoqa,6,last,per_cloud,0.0815,0.0021,data
deepseek-ai/DeepSeek-R1-Distill-Qwen-7B,prontoqa,6,last,background,0.1295,0.0028,data
deepseek-ai/DeepSeek-R1-Distill-Qwen-7B,prontoqa,6,all,raw,0.2,0.0049,data
deepseek-ai/DeepSeek-R1-Distill-Qwen-7B,prontoqa,6,all,pca_only,0.2056,0.0051,data
deepseek-ai/DeepSeek-R1-Distill-Qwen-7B,prontoqa,6,all,per_cloud,0.1128,0.0025,data
deepseek-ai/DeepSeek-R1-Distill-Qwen-7B,prontoqa,6,all,background,0.2149,0.005,data
deepseek-ai/DeepSeek-R1-Distill-Qwen-7B,prontoqa,7,input,raw,0.2305,0.0103,data
deepseek-ai/DeepSeek-R1-Distill-Qwen-7B,prontoqa,7,input,pca_only,0.2318,0.0102,data
deepseek-ai/DeepSeek-R1-Distill-Qwen-7B,prontoqa,7,input,per_cloud,0.1165,0.0022,data
deepseek-ai/DeepSeek-R1-Distill-Qwen-7B,prontoqa,7,input,background,0.2336,0.0071,data
deepseek-ai/DeepSeek-R1-Distill-Qwen-7B,prontoqa,7,generated,raw,0.176,0.006,data
deepseek-ai/DeepSeek-R1-Distill-Qwen-7B,prontoqa,7,generated,pca_only,0.1823,0.0062,data
deepseek-ai/DeepSeek-R1-Distill-Qwen-7B,prontoqa,7,generated,per_cloud,0.1126,0.0028,data
deepseek-ai/DeepSeek-R1-Distill-Qwen-7B,prontoqa,7,generated,background,0.2045,0.0068,data
deepseek-ai/DeepSeek-R1-Distill-Qwen-7B,prontoqa,7,thinking,raw,0.1796,0.0054,data
deepseek-ai/DeepSeek-R1-Distill-Qwen-7B,prontoqa,7,thinking,pca_only,0.1833,0.0056,data
deepseek-ai/DeepSeek-R1-Distill-Qwen-7B,prontoqa,7,thinking,per_cloud,0.0928,0.0025,data
deepseek-ai/DeepSeek-R1-Distill-Qwen-7B,prontoqa,7,thinking,background,0.1951,0.0051,data
deepseek-ai/DeepSeek-R1-Distill-Qwen-7B,prontoqa,7,last,raw,0.0851,0.0042,data
deepseek-ai/DeepSeek-R1-Distill-Qwen-7B,prontoqa,7,last,pca_only,0.1053,0.0061,data
deepseek-ai/DeepSeek-R1-Distill-Qwen-7B,prontoqa,7,last,per_cloud,0.083,0.0018,data
deepseek-ai/DeepSeek-R1-Distill-Qwen-7B,prontoqa,7,last,background,0.1357,0.0025,data
deepseek-ai/DeepSeek-R1-Distill-Qwen-7B,prontoqa,7,all,raw,0.1943,0.0053,data
deepseek-ai/DeepSeek-R1-Distill-Qwen-7B,prontoqa,7,all,pca_only,0.2005,0.0053,data
deepseek-ai/DeepSeek-R1-Distill-Qwen-7B,prontoqa,7,all,per_cloud,0.1129,0.0025,data
deepseek-ai/DeepSeek-R1-Distill-Qwen-7B,prontoqa,7,all,background,0.2176,0.006,data
deepseek-ai/DeepSeek-R1-Distill-Qwen-7B,prontoqa,8,input,raw,0.2598,0.0075,data
deepseek-ai/DeepSeek-R1-Distill-Qwen-7B,prontoqa,8,input,pca_only,0.2616,0.0074,data
deepseek-ai/DeepSeek-R1-Distill-Qwen-7B,prontoqa,8,input,per_cloud,0.1157,0.0023,data
deepseek-ai/DeepSeek-R1-Distill-Qwen-7B,prontoqa,8,input,background,0.2527,0.0058,data
deepseek-ai/DeepSeek-R1-Distill-Qwen-7B,prontoqa,8,generated,raw,0.1769,0.0059,data
deepseek-ai/DeepSeek-R1-Distill-Qwen-7B,prontoqa,8,generated,pca_only,0.1844,0.006,data
deepseek-ai/DeepSeek-R1-Distill-Qwen-7B,prontoqa,8,generated,per_cloud,0.1122,0.0024,data
deepseek-ai/DeepSeek-R1-Distill-Qwen-7B,prontoqa,8,generated,background,0.2081,0.0059,data
deepseek-ai/DeepSeek-R1-Distill-Qwen-7B,prontoqa,8,thinking,raw,0.1852,0.0047,data
deepseek-ai/DeepSeek-R1-Distill-Qwen-7B,prontoqa,8,thinking,pca_only,0.1892,0.0048,data
deepseek-ai/DeepSeek-R1-Distill-Qwen-7B,prontoqa,8,thinking,per_cloud,0.092,0.0029,data
deepseek-ai/DeepSeek-R1-Distill-Qwen-7B,prontoqa,8,thinking,background,0.203,0.0048,data
deepseek-ai/DeepSeek-R1-Distill-Qwen-7B,prontoqa,8,last,raw,0.0879,0.0027,data
deepseek-ai/DeepSeek-R1-Distill-Qwen-7B,prontoqa,8,last,pca_only,0.1085,0.0037,data
deepseek-ai/DeepSeek-R1-Distill-Qwen-7B,prontoqa,8,last,per_cloud,0.0854,0.002,data
deepseek-ai/DeepSeek-R1-Distill-Qwen-7B,prontoqa,8,last,background,0.1354,0.003,data
deepseek-ai/DeepSeek-R1-Distill-Qwen-7B,prontoqa,8,all,raw,0.1945,0.0052,data
deepseek-ai/DeepSeek-R1-Distill-Qwen-7B,prontoqa,8,all,pca_only,0.202,0.0056,data
deepseek-ai/DeepSeek-R1-Distill-Qwen-7B,prontoqa,8,all,per_cloud,0.1125,0.0026,data
deepseek-ai/DeepSeek-R1-Distill-Qwen-7B,prontoqa,8,all,background,0.2211,0.0059,data
deepseek-ai/DeepSeek-R1-Distill-Qwen-7B,prontoqa,9,input,raw,0.2687,0.0069,data
deepseek-ai/DeepSeek-R1-Distill-Qwen-7B,prontoqa,9,input,pca_only,0.2708,0.0069,data
deepseek-ai/DeepSeek-R1-Distill-Qwen-7B,prontoqa,9,input,per_cloud,0.1143,0.0023,data
deepseek-ai/DeepSeek-R1-Distill-Qwen-7B,prontoqa,9,input,background,0.2472,0.0053,data
deepseek-ai/DeepSeek-R1-Distill-Qwen-7B,prontoqa,9,generated,raw,0.1813,0.0058,data
deepseek-ai/DeepSeek-R1-Distill-Qwen-7B,prontoqa,9,generated,pca_only,0.1892,0.0059,data
deepseek-ai/DeepSeek-R1-Distill-Qwen-7B,prontoqa,9,generated,per_cloud,0.1098,0.0023,data
deepseek-ai/DeepSeek-R1-Distill-Qwen-7B,prontoqa,9,generated,background,0.2097,0.0063,data
deepseek-ai/DeepSeek-R1-Distill-Qwen-7B,prontoqa,9,thinking,raw,0.1835,0.0051,data
deepseek-ai/DeepSeek-R1-Distill-Qwen-7B,prontoqa,9,thinking,pca_only,0.1879,0.0053,data
deepseek-ai/DeepSeek-R1-Distill-Qwen-7B,prontoqa,9,thinking,per_cloud,0.0912,0.0027,data
deepseek-ai/DeepSeek-R1-Distill-Qwen-7B,prontoqa,9,thinking,background,0.2028,0.0046,data
deepseek-ai/DeepSeek-R1-Distill-Qwen-7B,prontoqa,9,last,raw,0.0863,0.0019,data
deepseek-ai/DeepSeek-R1-Distill-Qwen-7B,prontoqa,9,last,pca_only,0.1076,0.0028,data
deepseek-ai/DeepSeek-R1-Distill-Qwen-7B,prontoqa,9,last,per_cloud,0.086,0.0026,data
deepseek-ai/DeepSeek-R1-Distill-Qwen-7B,prontoqa,9,last,background,0.1331,0.0024,data
deepseek-ai/DeepSeek-R1-Distill-Qwen-7B,prontoqa,9,all,raw,0.2,0.0052,data
deepseek-ai/DeepSeek-R1-Distill-Qwen-7B,prontoqa,9,all,pca_only,0.2081,0.0053,data
deepseek-ai/DeepSeek-R1-Distill-Qwen-7B,prontoqa,9,all,per_cloud,0.1121,0.0025,data
deepseek-ai/DeepSeek-R1-Distill-Qwen-7B,prontoqa,9,all,background,0.2246,0.0056,data
deepseek-ai/DeepSeek-R1-Distill-Qwen-7B,prontoqa,10,input,raw,0.2219,0.0106,data
deepseek-ai/DeepSeek-R1-Distill-Qwen-7B,prontoqa,10,input,pca_only,0.2239,0.0104,data
deepseek-ai/DeepSeek-R1-Distill-Qwen-7B,prontoqa,10,input,per_cloud,0.1125,0.0021,data
deepseek-ai/DeepSeek-R1-Distill-Qwen-7B,prontoqa,10,input,background,0.218,0.006,data
deepseek-ai/DeepSeek-R1-Distill-Qwen-7B,prontoqa,10,generated,raw,0.1884,0.0059,data
deepseek-ai/DeepSeek-R1-Distill-Qwen-7B,prontoqa,10,generated,pca_only,0.1968,0.0061,data
deepseek-ai/DeepSeek-R1-Distill-Qwen-7B,prontoqa,10,generated,per_cloud,0.1112,0.002,data
deepseek-ai/DeepSeek-R1-Distill-Qwen-7B,prontoqa,10,generated,background,0.2105,0.007,data
deepseek-ai/DeepSeek-R1-Distill-Qwen-7B,prontoqa,10,thinking,raw,0.1905,0.0053,data
deepseek-ai/DeepSeek-R1-Distill-Qwen-7B,prontoqa,10,thinking,pca_only,0.1949,0.0054,data
deepseek-ai/DeepSeek-R1-Distill-Qwen-7B,prontoqa,10,thinking,per_cloud,0.0928,0.0029,data
deepseek-ai/DeepSeek-R1-Distill-Qwen-7B,prontoqa,10,thinking,background,0.2054,0.0044,data
deepseek-ai/DeepSeek-R1-Distill-Qwen-7B,prontoqa,10,last,raw,0.0965,0.002,data
deepseek-ai/DeepSeek-R1-Distill-Qwen-7B,prontoqa,10,last,pca_only,0.1168,0.0022,data
deepseek-ai/DeepSeek-R1-Distill-Qwen-7B,prontoqa,10,last,per_cloud,0.0872,0.0026,data
deepseek-ai/DeepSeek-R1-Distill-Qwen-7B,prontoqa,10,last,background,0.1362,0.0023,data
deepseek-ai/DeepSeek-R1-Distill-Qwen-7B,prontoqa,10,all,raw,0.2025,0.005,data
deepseek-ai/DeepSeek-R1-Distill-Qwen-7B,prontoqa,10,all,pca_only,0.2102,0.0052,data
deepseek-ai/DeepSeek-R1-Distill-Qwen-7B,prontoqa,10,all,per_cloud,0.1127,0.0024,data
deepseek-ai/DeepSeek-R1-Distill-Qwen-7B,prontoqa,10,all,background,0.2214,0.0059,data
deepseek-ai/DeepSeek-R1-Distill-Qwen-7B,prontoqa,11,input,raw,0.2619,0.0092,data
deepseek-ai/DeepSeek-R1-Distill-Qwen-7B,prontoqa,11,input,pca_only,0.2643,0.0094,data
deepseek-ai/DeepSeek-R1-Distill-Qwen-7B,prontoqa,11,input,per_cloud,0.1111,0.0026,data
deepseek-ai/DeepSeek-R1-Distill-Qwen-7B,prontoqa,11,input,background,0.2421,0.0067,data
deepseek-ai/DeepSeek-R1-Distill-Qwen-7B,prontoqa,11,generated,raw,0.2006,0.0059,data
deepseek-ai/DeepSeek-R1-Distill-Qwen-7B,prontoqa,11,generated,pca_only,0.2083,0.006,data
deepseek-ai/DeepSeek-R1-Distill-Qwen-7B,prontoqa,11,generated,per_cloud,0.1114,0.0022,data
deepseek-ai/DeepSeek-R1-Distill-Qwen-7B,prontoqa,11,generated,background,0.2184,0.0066,data
deepseek-ai/DeepSeek-R1-Distill-Qwen-7B,prontoqa,11,thinking,raw,0.1898,0.0047,data
deepseek-ai/DeepSeek-R1-Distill-Qwen-7B,prontoqa,11,thinking,pca_only,0.194,0.005,data
deepseek-ai/DeepSeek-R1-Distill-Qwen-7B,prontoqa,11,thinking,per_cloud,0.0928,0.0025,data
deepseek-ai/DeepSeek-R1-Distill-Qwen-7B,prontoqa,11,thinking,background,0.2052,0.0036,data
deepseek-ai/DeepSeek-R1-Distill-Qwen-7B,prontoqa,11,last,raw,0.0977,0.0021,data
deepseek-ai/DeepSeek-R1-Distill-Qwen-7B,prontoqa,11,last,pca_only,0.1189,0.0026,data
deepseek-ai/DeepSeek-R1-Distill-Qwen-7B,prontoqa,11,last,per_cloud,0.0887,0.0027,data
deepseek-ai/DeepSeek-R1-Distill-Qwen-7B,prontoqa,11,last,background,0.1376,0.0024,data
deepseek-ai/DeepSeek-R1-Distill-Qwen-7B,prontoqa,11,all,raw,0.2099,0.0044,data
deepseek-ai/DeepSeek-R1-Distill-Qwen-7B,prontoqa,11,all,pca_only,0.2183,0.0045,data
deepseek-ai/DeepSeek-R1-Distill-Qwen-7B,prontoqa,11,all,per_cloud,0.1124,0.0025,data
deepseek-ai/DeepSeek-R1-Distill-Qwen-7B,prontoqa,11,all,background,0.2267,0.006,data
deepseek-ai/DeepSeek-R1-Distill-Qwen-7B,prontoqa,12,input,raw,0.1893,0.0155,data
deepseek-ai/DeepSeek-R1-Distill-Qwen-7B,prontoqa,12,input,pca_only,0.1925,0.016,data
deepseek-ai/DeepSeek-R1-Distill-Qwen-7B,prontoqa,12,input,per_cloud,0.1098,0.0024,data
deepseek-ai/DeepSeek-R1-Distill-Qwen-7B,prontoqa,12,input,background,0.2073,0.0132,data
deepseek-ai/DeepSeek-R1-Distill-Qwen-7B,prontoqa,12,generated,raw,0.2033,0.0057,data
deepseek-ai/DeepSeek-R1-Distill-Qwen-7B,prontoqa,12,generated,pca_only,0.2115,0.0057,data
deepseek-ai/DeepSeek-R1-Distill-Qwen-7B,prontoqa,12,generated,per_cloud,0.1108,0.0021,data
deepseek-ai/DeepSeek-R1-Distill-Qwen-7B,prontoqa,12,generated,background,0.2232,0.0064,data
deepseek-ai/DeepSeek-R1-Distill-Qwen-7B,prontoqa,12,thinking,raw,0.185,0.0044,data
deepseek-ai/DeepSeek-R1-Distill-Qwen-7B,prontoqa,12,thinking,pca_only,0.19,0.0045,data
deepseek-ai/DeepSeek-R1-Distill-Qwen-7B,prontoqa,12,thinking,per_cloud,0.0931,0.003,data
deepseek-ai/DeepSeek-R1-Distill-Qwen-7B,prontoqa,12,thinking,background,0.1997,0.0037,data
deepseek-ai/DeepSeek-R1-Distill-Qwen-7B,prontoqa,12,last,raw,0.0978,0.0022,data
deepseek-ai/DeepSeek-R1-Distill-Qwen-7B,prontoqa,12,last,pca_only,0.1203,0.0024,data
deepseek-ai/DeepSeek-R1-Distill-Qwen-7B,prontoqa,12,last,per_cloud,0.0887,0.0027,data
deepseek-ai/DeepSeek-R1-Distill-Qwen-7B,prontoqa,12,last,background,0.1378,0.0023,data
deepseek-ai/DeepSeek-R1-Distill-Qwen-7B,prontoqa,12,all,raw,0.2119,0.0043,data
deepseek-ai/DeepSeek-R1-Distill-Qwen-7B,prontoqa,12,all,pca_only,0.2202,0.0045,data
deepseek-ai/DeepSeek-R1-Distill-Qwen-7B,prontoqa,12,all,per_cloud,0.1124,0.0022,data
deepseek-ai/DeepSeek-R1-Distill-Qwen-7B,prontoqa,12,all,background,0.2319,0.0062,data
deepseek-ai/DeepSeek-R1-Distill-Qwen-7B,prontoqa,13,input,raw,0.1864,0.0062,data
deepseek-ai/DeepSeek-R1-Distill-Qwen-7B,prontoqa,13,input,pca_only,0.1894,0.0063,data
deepseek-ai/DeepSeek-R1-Distill-Qwen-7B,prontoqa,13,input,per_cloud,0.1105,0.0026,data
deepseek-ai/DeepSeek-R1-Distill-Qwen-7B,prontoqa,13,input,background,0.2063,0.005,data
deepseek-ai/DeepSeek-R1-Distill-Qwen-7B,prontoqa,13,generated,raw,0.2092,0.0057,data
deepseek-ai/DeepSeek-R1-Distill-Qwen-7B,prontoqa,13,generated,pca_only,0.2175,0.0057,data
deepseek-ai/DeepSeek-R1-Distill-Qwen-7B,prontoqa,13,generated,per_cloud,0.1094,0.0023,data
deepseek-ai/DeepSeek-R1-Distill-Qwen-7B,prontoqa,13,generated,background,0.2297,0.0058,data
deepseek-ai/DeepSeek-R1-Distill-Qwen-7B,prontoqa,13,thinking,raw,0.1849,0.0047,data
deepseek-ai/DeepSeek-R1-Distill-Qwen-7B,prontoqa,13,thinking,pca_only,0.1898,0.0044,data
deepseek-ai/DeepSeek-R1-Distill-Qwen-7B,prontoqa,13,thinking,per_cloud,0.0921,0.0027,data
deepseek-ai/DeepSeek-R1-Distill-Qwen-7B,prontoqa,13,thinking,background,0.1971,0.0034,data
deepseek-ai/DeepSeek-R1-Distill-Qwen-7B,prontoqa,13,last,raw,0.0986,0.0021,data
deepseek-ai/DeepSeek-R1-Distill-Qwen-7B,prontoqa,13,last,pca_only,0.1218,0.0024,data
deepseek-ai/DeepSeek-R1-Distill-Qwen-7B,prontoqa,13,last,per_cloud,0.0893,0.0026,data
deepseek-ai/DeepSeek-R1-Distill-Qwen-7B,prontoqa,13,last,background,0.1382,0.0027,data
deepseek-ai/DeepSeek-R1-Distill-Qwen-7B,prontoqa,13,all,raw,0.2165,0.0045,data
deepseek-ai/DeepSeek-R1-Distill-Qwen-7B,prontoqa,13,all,pca_only,0.2243,0.0046,data
deepseek-ai/DeepSeek-R1-Distill-Qwen-7B,prontoqa,13,all,per_cloud,0.1107,0.0025,data
deepseek-ai/DeepSeek-R1-Distill-Qwen-7B,prontoqa,13,all,background,0.236,0.0058,data
deepseek-ai/DeepSeek-R1-Distill-Qwen-7B,prontoqa,14,input,raw,0.1822,0.0057,data
deepseek-ai/DeepSeek-R1-Distill-Qwen-7B,prontoqa,14,input,pca_only,0.1853,0.0058,data
deepseek-ai/DeepSeek-R1-Distill-Qwen-7B,prontoqa,14,input,per_cloud,0.1114,0.0024,data
deepseek-ai/DeepSeek-R1-Distill-Qwen-7B,prontoqa,14,input,background,0.199,0.0041,data
deepseek-ai/DeepSeek-R1-Distill-Qwen-7B,prontoqa,14,generated,raw,0.2139,0.0053,data
deepseek-ai/DeepSeek-R1-Distill-Qwen-7B,prontoqa,14,generated,pca_only,0.2215,0.0053,data
deepseek-ai/DeepSeek-R1-Distill-Qwen-7B,prontoqa,14,generated,per_cloud,0.1087,0.0021,data
deepseek-ai/DeepSeek-R1-Distill-Qwen-7B,prontoqa,14,generated,background,0.2293,0.0057,data
deepseek-ai/DeepSeek-R1-Distill-Qwen-7B,prontoqa,14,thinking,raw,0.1831,0.0041,data
deepseek-ai/DeepSeek-R1-Distill-Qwen-7B,prontoqa,14,thinking,pca_only,0.1885,0.0044,data
deepseek-ai/DeepSeek-R1-Distill-Qwen-7B,prontoqa,14,thinking,per_cloud,0.0918,0.0025,data
deepseek-ai/DeepSeek-R1-Distill-Qwen-7B,prontoqa,14,thinking,background,0.1947,0.0035,data
deepseek-ai/DeepSeek-R1-Distill-Qwen-7B,prontoqa,14,last,raw,0.101,0.0021,data
deepseek-ai/DeepSeek-R1-Distill-Qwen-7B,prontoqa,14,last,pca_only,0.1247,0.0026,data
deepseek-ai/DeepSeek-R1-Distill-Qwen-7B,prontoqa,14,last,per_cloud,0.0914,0.0025,data
deepseek-ai/DeepSeek-R1-Distill-Qwen-7B,prontoqa,14,last,background,0.14,0.0028,data
deepseek-ai/DeepSeek-R1-Distill-Qwen-7B,prontoqa,14,all,raw,0.2223,0.0046,data
deepseek-ai/DeepSeek-R1-Distill-Qwen-7B,prontoqa,14,all,pca_only,0.23,0.0046,data
deepseek-ai/DeepSeek-R1-Distill-Qwen-7B,prontoqa,14,all,per_cloud,0.1102,0.0025,data
deepseek-ai/DeepSeek-R1-Distill-Qwen-7B,prontoqa,14,all,background,0.2366,0.0059,data
deepseek-ai/DeepSeek-R1-Distill-Qwen-7B,prontoqa,15,input,raw,0.1764,0.0127,data
deepseek-ai/DeepSeek-R1-Distill-Qwen-7B,prontoqa,15,input,pca_only,0.1795,0.013,data
deepseek-ai/DeepSeek-R1-Distill-Qwen-7B,prontoqa,15,input,per_cloud,0.1112,0.0031,data
deepseek-ai/DeepSeek-R1-Distill-Qwen-7B,prontoqa,15,input,background,0.1922,0.0087,data
deepseek-ai/DeepSeek-R1-Distill-Qwen-7B,prontoqa,15,generated,raw,0.2199,0.0048,data
deepseek-ai/DeepSeek-R1-Distill-Qwen-7B,prontoqa,15,generated,pca_only,0.2279,0.0047,data
deepseek-ai/DeepSeek-R1-Distill-Qwen-7B,prontoqa,15,generated,per_cloud,0.108,0.0022,data
deepseek-ai/DeepSeek-R1-Distill-Qwen-7B,prontoqa,15,generated,background,0.2326,0.005,data
deepseek-ai/DeepSeek-R1-Distill-Qwen-7B,prontoqa,15,thinking,raw,0.185,0.0042,data
deepseek-ai/DeepSeek-R1-Distill-Qwen-7B,prontoqa,15,thinking,pca_only,0.1901,0.0047,data
deepseek-ai/DeepSeek-R1-Distill-Qwen-7B,prontoqa,15,thinking,per_cloud,0.0919,0.0029,data
deepseek-ai/DeepSeek-R1-Distill-Qwen-7B,prontoqa,15,thinking,background,0.1952,0.0031,data
deepseek-ai/DeepSeek-R1-Distill-Qwen-7B,prontoqa,15,last,raw,0.1018,0.0015,data
deepseek-ai/DeepSeek-R1-Distill-Qwen-7B,prontoqa,15,last,pca_only,0.1248,0.0021,data
deepseek-ai/DeepSeek-R1-Distill-Qwen-7B,prontoqa,15,last,per_cloud,0.0912,0.0026,data
deepseek-ai/DeepSeek-R1-Distill-Qwen-7B,prontoqa,15,last,background,0.1427,0.0026,data
deepseek-ai/DeepSeek-R1-Distill-Qwen-7B,prontoqa,15,all,raw,0.2253,0.0043,data
deepseek-ai/DeepSeek-R1-Distill-Qwen-7B,prontoqa,15,all,pca_only,0.2341,0.0043,data
deepseek-ai/DeepSeek-R1-Distill-Qwen-7B,prontoqa,15,all,per_cloud,0.1085,0.0027,data
deepseek-ai/DeepSeek-R1-Distill-Qwen-7B,prontoqa,15,all,background,0.2369,0.0055,data
deepseek-ai/DeepSeek-R1-Distill-Qwen-7B,prontoqa,16,input,raw,0.1451,0.0095,data
deepseek-ai/DeepSeek-R1-Distill-Qwen-7B,prontoqa,16,input,pca_only,0.1478,0.0097,data
deepseek-ai/DeepSeek-R1-Distill-Qwen-7B,prontoqa,16,input,per_cloud,0.1121,0.0026,data
deepseek-ai/DeepSeek-R1-Distill-Qwen-7B,prontoqa,16,input,background,0.1603,0.0092,data
deepseek-ai/DeepSeek-R1-Distill-Qwen-7B,prontoqa,16,generated,raw,0.2202,0.0046,data
deepseek-ai/DeepSeek-R1-Distill-Qwen-7B,prontoqa,16,generated,pca_only,0.2268,0.0049,data
deepseek-ai/DeepSeek-R1-Distill-Qwen-7B,prontoqa,16,generated,per_cloud,0.1084,0.0024,data
deepseek-ai/DeepSeek-R1-Distill-Qwen-7B,prontoqa,16,generated,background,0.2342,0.0051,data
deepseek-ai/DeepSeek-R1-Distill-Qwen-7B,prontoqa,16,thinking,raw,0.1837,0.0045,data
deepseek-ai/DeepSeek-R1-Distill-Qwen-7B,prontoqa,16,thinking,pca_only,0.1891,0.0044,data
deepseek-ai/DeepSeek-R1-Distill-Qwen-7B,prontoqa,16,thinking,per_cloud,0.0922,0.0027,data
deepseek-ai/DeepSeek-R1-Distill-Qwen-7B,prontoqa,16,thinking,background,0.1969,0.0037,data
deepseek-ai/DeepSeek-R1-Distill-Qwen-7B,prontoqa,16,last,raw,0.1072,0.0014,data
deepseek-ai/DeepSeek-R1-Distill-Qwen-7B,prontoqa,16,last,pca_only,0.1311,0.0018,data
deepseek-ai/DeepSeek-R1-Distill-Qwen-7B,prontoqa,16,last,per_cloud,0.0924,0.0026,data
deepseek-ai/DeepSeek-R1-Distill-Qwen-7B,prontoqa,16,last,background,0.1468,0.0025,data
deepseek-ai/DeepSeek-R1-Distill-Qwen-7B,prontoqa,16,all,raw,0.2301,0.0051,data
deepseek-ai/DeepSeek-R1-Distill-Qwen-7B,prontoqa,16,all,pca_only,0.238,0.0054,data
deepseek-ai/DeepSeek-R1-Distill-Qwen-7B,prontoqa,16,all,per_cloud,0.1087,0.0019,data
deepseek-ai/DeepSeek-R1-Distill-Qwen-7B,prontoqa,16,all,background,0.2423,0.0055,data
deepseek-ai/DeepSeek-R1-Distill-Qwen-7B,prontoqa,17,input,raw,0.179,0.015,data
deepseek-ai/DeepSeek-R1-Distill-Qwen-7B,prontoqa,17,input,pca_only,0.1817,0.0151,data
deepseek-ai/DeepSeek-R1-Distill-Qwen-7B,prontoqa,17,input,per_cloud,0.1129,0.0025,data
deepseek-ai/DeepSeek-R1-Distill-Qwen-7B,prontoqa,17,input,background,0.1984,0.0145,data
deepseek-ai/DeepSeek-R1-Distill-Qwen-7B,prontoqa,17,generated,raw,0.2224,0.0045,data
deepseek-ai/DeepSeek-R1-Distill-Qwen-7B,prontoqa,17,generated,pca_only,0.2295,0.0047,data
deepseek-ai/DeepSeek-R1-Distill-Qwen-7B,prontoqa,17,generated,per_cloud,0.107,0.0022,data
deepseek-ai/DeepSeek-R1-Distill-Qwen-7B,prontoqa,17,generated,background,0.2349,0.0047,data
deepseek-ai/DeepSeek-R1-Distill-Qwen-7B,prontoqa,17,thinking,raw,0.1813,0.0044,data
deepseek-ai/DeepSeek-R1-Distill-Qwen-7B,prontoqa,17,thinking,pca_only,0.187,0.0044,data
deepseek-ai/DeepSeek-R1-Distill-Qwen-7B,prontoqa,17,thinking,per_cloud,0.09,0.0029,data
deepseek-ai/DeepSeek-R1-Distill-Qwen-7B,prontoqa,17,thinking,background,0.1933,0.0036,data
deepseek-ai/DeepSeek-R1-Distill-Qwen-7B,prontoqa,17,last,raw,0.1073,0.0017,data
deepseek-ai/DeepSeek-R1-Distill-Qwen-7B,prontoqa,17,last,pca_only,0.1327,0.0022,data
deepseek-ai/DeepSeek-R1-Distill-Qwen-7B,prontoqa,17,last,per_cloud,0.0929,0.0031,data
deepseek-ai/DeepSeek-R1-Distill-Qwen-7B,prontoqa,17,last,background,0.1494,0.0022,data
deepseek-ai/DeepSeek-R1-Distill-Qwen-7B,prontoqa,17,all,raw,0.2337,0.0051,data
deepseek-ai/DeepSeek-R1-Distill-Qwen-7B,prontoqa,17,all,pca_only,0.2411,0.0055,data
deepseek-ai/DeepSeek-R1-Distill-Qwen-7B,prontoqa,17,all,per_cloud,0.1083,0.0021,data
deepseek-ai/DeepSeek-R1-Distill-Qwen-7B,prontoqa,17,all,background,0.2465,0.0056,data
deepseek-ai/DeepSeek-R1-Distill-Qwen-7B,prontoqa,18,input,raw,0.3274,0.0082,data
deepseek-ai/DeepSeek-R1-Distill-Qwen-7B,prontoqa,18,input,pca_only,0.3315,0.0083,data
deepseek-ai/DeepSeek-R1-Distill-Qwen-7B,prontoqa,18,input,per_cloud,0.1135,0.002,data
deepseek-ai/DeepSeek-R1-Distill-Qwen-7B,prontoqa,18,input,background,0.3035,0.0069,data
deepseek-ai/DeepSeek-R1-Distill-Qwen-7B,prontoqa,18,generated,raw,0.2208,0.0049,data
deepseek-ai/DeepSeek-R1-Distill-Qwen-7B,prontoqa,18,generated,pca_only,0.2279,0.0053,data
deepseek-ai/DeepSeek-R1-Distill-Qwen-7B,prontoqa,18,generated,per_cloud,0.1072,0.0023,data
deepseek-ai/DeepSeek-R1-Distill-Qwen-7B,prontoqa,18,generated,background,0.2403,0.0053,data
deepseek-ai/DeepSeek-R1-Distill-Qwen-7B,prontoqa,18,thinking,raw,0.1806,0.004,data
deepseek-ai/DeepSeek-R1-Distill-Qwen-7B,prontoqa,18,thinking,pca_only,0.1865,0.0043,data
deepseek-ai/DeepSeek-R1-Distill-Qwen-7B,prontoqa,18,thinking,per_cloud,0.09,0.0026,data
deepseek-ai/DeepSeek-R1-Distill-Qwen-7B,prontoqa,18,thinking,background,0.1948,0.0036,data
deepseek-ai/DeepSeek-R1-Distill-Qwen-7B,prontoqa,18,last,raw,0.11,0.0021,data
deepseek-ai/DeepSeek-R1-Distill-Qwen-7B,prontoqa,18,last,pca_only,0.1365,0.0029,data
deepseek-ai/DeepSeek-R1-Distill-Qwen-7B,prontoqa,18,last,per_cloud,0.0934,0.0028,data
deepseek-ai/DeepSeek-R1-Distill-Qwen-7B,prontoqa,18,last,background,0.1513,0.0025,data
deepseek-ai/DeepSeek-R1-Distill-Qwen-7B,prontoqa,18,all,raw,0.234,0.0046,data
deepseek-ai/DeepSeek-R1-Distill-Qwen-7B,prontoqa,18,all,pca_only,0.2418,0.0047,data
deepseek-ai/DeepSeek-R1-Distill-Qwen-7B,prontoqa,18,all,per_cloud,0.1084,0.0024,data
deepseek-ai/DeepSeek-R1-Distill-Qwen-7B,prontoqa,18,all,background,0.2514,0.0054,data
deepseek-ai/DeepSeek-R1-Distill-Qwen-7B,prontoqa,19,input,raw,0.2073,0.0231,data
deepseek-ai/DeepSeek-R1-Distill-Qwen-7B,prontoqa,19,input,pca_only,0.2106,0.0234,data
deepseek-ai/DeepSeek-R1-Distill-Qwen-7B,prontoqa,19,input,per_cloud,0.1122,0.0023,data
deepseek-ai/DeepSeek-R1-Distill-Qwen-7B,prontoqa,19,input,background,0.2134,0.0158,data
deepseek-ai/DeepSeek-R1-Distill-Qwen-7B,prontoqa,19,generated,raw,0.2167,0.0064,data
deepseek-ai/DeepSeek-R1-Distill-Qwen-7B,prontoqa,19,generated,pca_only,0.2238,0.0065,data
deepseek-ai/DeepSeek-R1-Distill-Qwen-7B,prontoqa,19,generated,per_cloud,0.1066,0.0022,data
deepseek-ai/DeepSeek-R1-Distill-Qwen-7B,prontoqa,19,generated,background,0.2391,0.0058,data
deepseek-ai/DeepSeek-R1-Distill-Qwen-7B,prontoqa,19,thinking,raw,0.1822,0.0046,data
deepseek-ai/DeepSeek-R1-Distill-Qwen-7B,prontoqa,19,thinking,pca_only,0.1885,0.0047,data
deepseek-ai/DeepSeek-R1-Distill-Qwen-7B,prontoqa,19,thinking,per_cloud,0.0916,0.0022,data
deepseek-ai/DeepSeek-R1-Distill-Qwen-7B,prontoqa,19,thinking,background,0.1947,0.0042,data
deepseek-ai/DeepSeek-R1-Distill-Qwen-7B,prontoqa,19,last,raw,0.1103,0.002,data
deepseek-ai/DeepSeek-R1-Distill-Qwen-7B,prontoqa,19,last,pca_only,0.1355,0.0025,data
deepseek-ai/DeepSeek-R1-Distill-Qwen-7B,prontoqa,19,last,per_cloud,0.0953,0.0027,data
deepseek-ai/DeepSeek-R1-Distill-Qwen-7B,prontoqa,19,last,background,0.1529,0.0025,data
deepseek-ai/DeepSeek-R1-Distill-Qwen-7B,prontoqa,19,all,raw,0.232,0.0055,data
deepseek-ai/DeepSeek-R1-Distill-Qwen-7B,prontoqa,19,all,pca_only,0.239,0.0059,data
deepseek-ai/DeepSeek-R1-Distill-Qwen-7B,prontoqa,19,all,per_cloud,0.1075,0.0023,data
deepseek-ai/DeepSeek-R1-Distill-Qwen-7B,prontoqa,19,all,background,0.2528,0.0058,data
deepseek-ai/DeepSeek-R1-Distill-Qwen-7B,prontoqa,20,input,raw,0.1595,0.0035,data
deepseek-ai/DeepSeek-R1-Distill-Qwen-7B,prontoqa,20,input,pca_only,0.1627,0.0037,data
deepseek-ai/DeepSeek-R1-Distill-Qwen-7B,prontoqa,20,input,per_cloud,0.1124,0.0019,data
deepseek-ai/DeepSeek-R1-Distill-Qwen-7B,prontoqa,20,input,background,0.1722,0.0041,data
deepseek-ai/DeepSeek-R1-Distill-Qwen-7B,prontoqa,20,generated,raw,0.2186,0.007,data
deepseek-ai/DeepSeek-R1-Distill-Qwen-7B,prontoqa,20,generated,pca_only,0.2246,0.0073,data
deepseek-ai/DeepSeek-R1-Distill-Qwen-7B,prontoqa,20,generated,per_cloud,0.1063,0.0023,data
deepseek-ai/DeepSeek-R1-Distill-Qwen-7B,prontoqa,20,generated,background,0.241,0.0073,data
deepseek-ai/DeepSeek-R1-Distill-Qwen-7B,prontoqa,20,thinking,raw,0.185,0.005,data
deepseek-ai/DeepSeek-R1-Distill-Qwen-7B,prontoqa,20,thinking,pca_only,0.1908,0.0052,data
deepseek-ai/DeepSeek-R1-Distill-Qwen-7B,prontoqa,20,thinking,per_cloud,0.0909,0.0028,data
deepseek-ai/DeepSeek-R1-Distill-Qwen-7B,prontoqa,20,thinking,background,0.2005,0.0047,data
deepseek-ai/DeepSeek-R1-Distill-Qwen-7B,prontoqa,20,last,raw,0.1121,0.0016,data
deepseek-ai/DeepSeek-R1-Distill-Qwen-7B,prontoqa,20,last,pca_only,0.1385,0.0024,data
deepseek-ai/DeepSeek-R1-Distill-Qwen-7B,prontoqa,20,last,per_cloud,0.0953,0.0027,data
deepseek-ai/DeepSeek-R1-Distill-Qwen-7B,prontoqa,20,last,background,0.1541,0.0026,data
deepseek-ai/DeepSeek-R1-Distill-Qwen-7B,prontoqa,20,all,raw,0.2389,0.0069,data
deepseek-ai/DeepSeek-R1-Distill-Qwen-7B,prontoqa,20,all,pca_only,0.2452,0.0071,data
deepseek-ai/DeepSeek-R1-Distill-Qwen-7B,prontoqa,20,all,per_cloud,0.1066,0.0019,data
deepseek-ai/DeepSeek-R1-Distill-Qwen-7B,prontoqa,20,all,background,0.2648,0.0071,data
deepseek-ai/DeepSeek-R1-Distill-Qwen-7B,prontoqa,21,input,raw,0.1671,0.0048,data
deepseek-ai/DeepSeek-R1-Distill-Qwen-7B,prontoqa,21,input,pca_only,0.1709,0.0048,data
deepseek-ai/DeepSeek-R1-Distill-Qwen-7B,prontoqa,21,input,per_cloud,0.1136,0.0025,data
deepseek-ai/DeepSeek-R1-Distill-Qwen-7B,prontoqa,21,input,background,0.1782,0.0048,data
deepseek-ai/DeepSeek-R1-Distill-Qwen-7B,prontoqa,21,generated,raw,0.219,0.0072,data
deepseek-ai/DeepSeek-R1-Distill-Qwen-7B,prontoqa,21,generated,pca_only,0.2255,0.0073,data
deepseek-ai/DeepSeek-R1-Distill-Qwen-7B,prontoqa,21,generated,per_cloud,0.106,0.0026,data
deepseek-ai/DeepSeek-R1-Distill-Qwen-7B,prontoqa,21,generated,background,0.2498,0.0075,data
deepseek-ai/DeepSeek-R1-Distill-Qwen-7B,prontoqa,21,thinking,raw,0.1824,0.0051,data
deepseek-ai/DeepSeek-R1-Distill-Qwen-7B,prontoqa,21,thinking,pca_only,0.1886,0.0054,data
deepseek-ai/DeepSeek-R1-Distill-Qwen-7B,prontoqa,21,thinking,per_cloud,0.0929,0.0025,data
deepseek-ai/DeepSeek-R1-Distill-Qwen-7B,prontoqa,21,thinking,background,0.203,0.0062,data
deepseek-ai/DeepSeek-R1-Distill-Qwen-7B,prontoqa,21,last,raw,0.1096,0.0016,data
deepseek-ai/DeepSeek-R1-Distill-Qwen-7B,prontoqa,21,last,pca_only,0.1386,0.0018,data
deepseek-ai/DeepSeek-R1-Distill-Qwen-7B,prontoqa,21,last,per_cloud,0.0946,0.0022,data
deepseek-ai/DeepSeek-R1-Distill-Qwen-7B,prontoqa,21,last,background,0.1445,0.0043,data
deepseek-ai/DeepSeek-R1-Distill-Qwen-7B,prontoqa,21,all,raw,0.2365,0.0066,data
deepseek-ai/DeepSeek-R1-Distill-Qwen-7B,prontoqa,21,all,pca_only,0.244,0.0065,data
deepseek-ai/DeepSeek-R1-Distill-Qwen-7B,prontoqa,21,all,per_cloud,0.1077,0.0025,data
deepseek-ai/DeepSeek-R1-Distill-Qwen-7B,prontoqa,21,all,background,0.2645,0.0068,data
deepseek-ai/DeepSeek-R1-Distill-Qwen-7B,prontoqa,22,input,raw,0.172,0.0052,data
deepseek-ai/DeepSeek-R1-Distill-Qwen-7B,prontoqa,22,input,pca_only,0.1756,0.0053,data
deepseek-ai/DeepSeek-R1-Distill-Qwen-7B,prontoqa,22,input,per_cloud,0.114,0.0023,data
deepseek-ai/DeepSeek-R1-Distill-Qwen-7B,prontoqa,22,input,background,0.1829,0.0047,data
deepseek-ai/DeepSeek-R1-Distill-Qwen-7B,prontoqa,22,generated,raw,0.2207,0.0069,data
deepseek-ai/DeepSeek-R1-Distill-Qwen-7B,prontoqa,22,generated,pca_only,0.227,0.0072,data
deepseek-ai/DeepSeek-R1-Distill-Qwen-7B,prontoqa,22,generated,per_cloud,0.107,0.0023,data
deepseek-ai/DeepSeek-R1-Distill-Qwen-7B,prontoqa,22,generated,background,0.2473,0.0065,data
deepseek-ai/DeepSeek-R1-Distill-Qwen-7B,prontoqa,22,thinking,raw,0.1799,0.0054,data
deepseek-ai/DeepSeek-R1-Distill-Qwen-7B,prontoqa,22,thinking,pca_only,0.1856,0.0055,data
deepseek-ai/DeepSeek-R1-Distill-Qwen-7B,prontoqa,22,thinking,per_cloud,0.093,0.0023,data
deepseek-ai/DeepSeek-R1-Distill-Qwen-7B,prontoqa,22,thinking,background,0.2006,0.0065,data
deepseek-ai/DeepSeek-R1-Distill-Qwen-7B,prontoqa,22,last,raw,0.1061,0.0015,data
deepseek-ai/DeepSeek-R1-Distill-Qwen-7B,prontoqa,22,last,pca_only,0.1338,0.002,data
deepseek-ai/DeepSeek-R1-Distill-Qwen-7B,prontoqa,22,last,per_cloud,0.0944,0.0023,data
deepseek-ai/DeepSeek-R1-Distill-Qwen-7B,prontoqa,22,last,background,0.1364,0.004,data
deepseek-ai/DeepSeek-R1-Distill-Qwen-7B,prontoqa,22,all,raw,0.2347,0.0061,data
deepseek-ai/DeepSeek-R1-Distill-Qwen-7B,prontoqa,22,all,pca_only,0.2413,0.0058,data
deepseek-ai/DeepSeek-R1-Distill-Qwen-7B,prontoqa,22,all,per_cloud,0.1075,0.0025,data
deepseek-ai/DeepSeek-R1-Distill-Qwen-7B,prontoqa,22,all,background,0.2591,0.0067,data
deepseek-ai/DeepSeek-R1-Distill-Qwen-7B,prontoqa,23,input,raw,0.1909,0.0062,data
deepseek-ai/DeepSeek-R1-Distill-Qwen-7B,prontoqa,23,input,pca_only,0.1956,0.0064,data
deepseek-ai/DeepSeek-R1-Distill-Qwen-7B,prontoqa,23,input,per_cloud,0.1142,0.0024,data
deepseek-ai/DeepSeek-R1-Distill-Qwen-7B,prontoqa,23,input,background,0.1919,0.0056,data
deepseek-ai/DeepSeek-R1-Distill-Qwen-7B,prontoqa,23,generated,raw,0.2167,0.0073,data
deepseek-ai/DeepSeek-R1-Distill-Qwen-7B,prontoqa,23,generated,pca_only,0.2235,0.0074,data
deepseek-ai/DeepSeek-R1-Distill-Qwen-7B,prontoqa,23,generated,per_cloud,0.1067,0.0021,data
deepseek-ai/DeepSeek-R1-Distill-Qwen-7B,prontoqa,23,generated,background,0.2448,0.0073,data
deepseek-ai/DeepSeek-R1-Distill-Qwen-7B,prontoqa,23,thinking,raw,0.1776,0.0051,data
deepseek-ai/DeepSeek-R1-Distill-Qwen-7B,prontoqa,23,thinking,pca_only,0.1836,0.0053,data
deepseek-ai/DeepSeek-R1-Distill-Qwen-7B,prontoqa,23,thinking,per_cloud,0.0922,0.0025,data
deepseek-ai/DeepSeek-R1-Distill-Qwen-7B,prontoqa,23,thinking,background,0.2029,0.0049,data
deepseek-ai/DeepSeek-R1-Distill-Qwen-7B,prontoqa,23,last,raw,0.0988,0.0018,data
deepseek-ai/DeepSeek-R1-Distill-Qwen-7B,prontoqa,23,last,pca_only,0.1268,0.0024,data
deepseek-ai/DeepSeek-R1-Distill-Qwen-7B,prontoqa,23,last,per_cloud,0.093,0.0023,data
deepseek-ai/DeepSeek-R1-Distill-Qwen-7B,prontoqa,23,last,background,0.1267,0.0036,data
deepseek-ai/DeepSeek-R1-Distill-Qwen-7B,prontoqa,23,all,raw,0.2286,0.0064,data
deepseek-ai/DeepSeek-R1-Distill-Qwen-7B,prontoqa,23,all,pca_only,0.2362,0.0065,data
deepseek-ai/DeepSeek-R1-Distill-Qwen-7B,prontoqa,23,all,per_cloud,0.1071,0.0022,data
deepseek-ai/DeepSeek-R1-Distill-Qwen-7B,prontoqa,23,all,background,0.2529,0.0069,data
deepseek-ai/DeepSeek-R1-Distill-Qwen-7B,prontoqa,24,input,raw,0.2111,0.0074,data
deepseek-ai/DeepSeek-R1-Distill-Qwen-7B,prontoqa,24,input,pca_only,0.2157,0.0077,data
deepseek-ai/DeepSeek-R1-Distill-Qwen-7B,prontoqa,24,input,per_cloud,0.1151,0.0023,data
deepseek-ai/DeepSeek-R1-Distill-Qwen-7B,prontoqa,24,input,background,0.2148,0.0082,data
deepseek-ai/DeepSeek-R1-Distill-Qwen-7B,prontoqa,24,generated,raw,0.2096,0.0075,data
deepseek-ai/DeepSeek-R1-Distill-Qwen-7B,prontoqa,24,generated,pca_only,0.2154,0.0078,data
deepseek-ai/DeepSeek-R1-Distill-Qwen-7B,prontoqa,24,generated,per_cloud,0.1069,0.0023,data
deepseek-ai/DeepSeek-R1-Distill-Qwen-7B,prontoqa,24,generated,background,0.2279,0.0065,data
deepseek-ai/DeepSeek-R1-Distill-Qwen-7B,prontoqa,24,thinking,raw,0.175,0.0061,data
deepseek-ai/DeepSeek-R1-Distill-Qwen-7B,prontoqa,24,thinking,pca_only,0.1812,0.0063,data
deepseek-ai/DeepSeek-R1-Distill-Qwen-7B,prontoqa,24,thinking,per_cloud,0.0928,0.0027,data
deepseek-ai/DeepSeek-R1-Distill-Qwen-7B,prontoqa,24,thinking,background,0.2003,0.0047,data
deepseek-ai/DeepSeek-R1-Distill-Qwen-7B,prontoqa,24,last,raw,0.09,0.002,data
deepseek-ai/DeepSeek-R1-Distill-Qwen-7B,prontoqa,24,last,pca_only,0.1175,0.0026,data
deepseek-ai/DeepSeek-R1-Distill-Qwen-7B,prontoqa,24,last,per_cloud,0.091,0.0018,data
deepseek-ai/DeepSeek-R1-Distill-Qwen-7B,prontoqa,24,last,background,0.1179,0.0045,data
deepseek-ai/DeepSeek-R1-Distill-Qwen-7B,prontoqa,24,all,raw,0.2226,0.0077,data
deepseek-ai/DeepSeek-R1-Distill-Qwen-7B,prontoqa,24,all,pca_only,0.2289,0.0078,data
deepseek-ai/DeepSeek-R1-Distill-Qwen-7B,prontoqa,24,all,per_cloud,0.1079,0.002,data
deepseek-ai/DeepSeek-R1-Distill-Qwen-7B,prontoqa,24,all,background,0.2416,0.0069,data
deepseek-ai/DeepSeek-R1-Distill-Qwen-7B,prontoqa,25,input,raw,0.2137,0.0072,data
deepseek-ai/DeepSeek-R1-Distill-Qwen-7B,prontoqa,25,input,pca_only,0.2187,0.0073,data
deepseek-ai/DeepSeek-R1-Distill-Qwen-7B,prontoqa,25,input,per_cloud,0.1133,0.0024,data
deepseek-ai/DeepSeek-R1-Distill-Qwen-7B,prontoqa,25,input,background,0.2232,0.0083,data
deepseek-ai/DeepSeek-R1-Distill-Qwen-7B,prontoqa,25,generated,raw,0.2072,0.0077,data
deepseek-ai/DeepSeek-R1-Distill-Qwen-7B,prontoqa,25,generated,pca_only,0.2136,0.008,data
deepseek-ai/DeepSeek-R1-Distill-Qwen-7B,prontoqa,25,generated,per_cloud,0.1064,0.0021,data
deepseek-ai/DeepSeek-R1-Distill-Qwen-7B,prontoqa,25,generated,background,0.2243,0.0066,data
deepseek-ai/DeepSeek-R1-Distill-Qwen-7B,prontoqa,25,thinking,raw,0.1708,0.0053,data
deepseek-ai/DeepSeek-R1-Distill-Qwen-7B,prontoqa,25,thinking,pca_only,0.1778,0.0053,data
deepseek-ai/DeepSeek-R1-Distill-Qwen-7B,prontoqa,25,thinking,per_cloud,0.0926,0.0028,data
deepseek-ai/DeepSeek-R1-Distill-Qwen-7B,prontoqa,25,thinking,background,0.1938,0.0052,data
deepseek-ai/DeepSeek-R1-Distill-Qwen-7B,prontoqa,25,last,raw,0.0866,0.002,data
deepseek-ai/DeepSeek-R1-Distill-Qwen-7B,prontoqa,25,last,pca_only,0.1142,0.0031,data
deepseek-ai/DeepSeek-R1-Distill-Qwen-7B,prontoqa,25,last,per_cloud,0.0913,0.0025,data
deepseek-ai/DeepSeek-R1-Distill-Qwen-7B,prontoqa,25,last,background,0.1111,0.0031,data
deepseek-ai/DeepSeek-R1-Distill-Qwen-7B,prontoqa,25,all,raw,0.2211,0.0074,data
deepseek-ai/DeepSeek-R1-Distill-Qwen-7B,prontoqa,25,all,pca_only,0.2272,0.0075,data
deepseek-ai/DeepSeek-R1-Distill-Qwen-7B,prontoqa,25,all,per_cloud,0.1086,0.0022,data
deepseek-ai/DeepSeek-R1-Distill-Qwen-7B,prontoqa,25,all,background,0.2365,0.0069,data
deepseek-ai/DeepSeek-R1-Distill-Qwen-7B,prontoqa,26,input,raw,0.2105,0.0074,data
deepseek-ai/DeepSeek-R1-Distill-Qwen-7B,prontoqa,26,input,pca_only,0.2156,0.0078,data
deepseek-ai/DeepSeek-R1-Distill-Qwen-7B,prontoqa,26,input,per_cloud,0.1141,0.0023,data
deepseek-ai/DeepSeek-R1-Distill-Qwen-7B,prontoqa,26,input,background,0.2212,0.0093,data
deepseek-ai/DeepSeek-R1-Distill-Qwen-7B,prontoqa,26,generated,raw,0.2011,0.0071,data
deepseek-ai/DeepSeek-R1-Distill-Qwen-7B,prontoqa,26,generated,pca_only,0.2073,0.0073,data
deepseek-ai/DeepSeek-R1-Distill-Qwen-7B,prontoqa,26,generated,per_cloud,0.1065,0.0024,data
deepseek-ai/DeepSeek-R1-Distill-Qwen-7B,prontoqa,26,generated,background,0.2162,0.0064,data
deepseek-ai/DeepSeek-R1-Distill-Qwen-7B,prontoqa,26,thinking,raw,0.1698,0.0051,data
deepseek-ai/DeepSeek-R1-Distill-Qwen-7B,prontoqa,26,thinking,pca_only,0.1761,0.0055,data
deepseek-ai/DeepSeek-R1-Distill-Qwen-7B,prontoqa,26,thinking,per_cloud,0.0934,0.0028,data
deepseek-ai/DeepSeek-R1-Distill-Qwen-7B,prontoqa,26,thinking,background,0.1926,0.0054,data
deepseek-ai/DeepSeek-R1-Distill-Qwen-7B,prontoqa,26,last,raw,0.084,0.0021,data
deepseek-ai/DeepSeek-R1-Distill-Qwen-7B,prontoqa,26,last,pca_only,0.1113,0.0031,data
deepseek-ai/DeepSeek-R1-Distill-Qwen-7B,prontoqa,26,last,per_cloud,0.0889,0.0024,data
deepseek-ai/DeepSeek-R1-Distill-Qwen-7B,prontoqa,26,last,background,0.1054,0.0031,data
deepseek-ai/DeepSeek-R1-Distill-Qwen-7B,prontoqa,26,all,raw,0.2146,0.0076,data
deepseek-ai/DeepSeek-R1-Distill-Qwen-7B,prontoqa,26,all,pca_only,0.221,0.0079,data
deepseek-ai/DeepSeek-R1-Distill-Qwen-7B,prontoqa,26,all,per_cloud,0.1076,0.0025,data
deepseek-ai/DeepSeek-R1-Distill-Qwen-7B,prontoqa,26,all,background,0.2288,0.0069,data
deepseek-ai/DeepSeek-R1-Distill-Qwen-7B,prontoqa,27,input,raw,0.1993,0.0073,data
deepseek-ai/DeepSeek-R1-Distill-Qwen-7B,prontoqa,27,input,pca_only,0.2041,0.0077,data
deepseek-ai/DeepSeek-R1-Distill-Qwen-7B,prontoqa,27,input,per_cloud,0.1145,0.0018,data
deepseek-ai/DeepSeek-R1-Distill-Qwen-7B,prontoqa,27,input,background,0.2265,0.0071,data
deepseek-ai/DeepSeek-R1-Distill-Qwen-7B,prontoqa,27,generated,raw,0.1832,0.0073,data
deepseek-ai/DeepSeek-R1-Distill-Qwen-7B,prontoqa,27,generated,pca_only,0.1897,0.0074,data
deepseek-ai/DeepSeek-R1-Distill-Qwen-7B,prontoqa,27,generated,per_cloud,0.1052,0.0025,data
deepseek-ai/DeepSeek-R1-Distill-Qwen-7B,prontoqa,27,generated,background,0.2005,0.006,data
deepseek-ai/DeepSeek-R1-Distill-Qwen-7B,prontoqa,27,thinking,raw,0.1594,0.0037,data
deepseek-ai/DeepSeek-R1-Distill-Qwen-7B,prontoqa,27,thinking,pca_only,0.1666,0.004,data
deepseek-ai/DeepSeek-R1-Distill-Qwen-7B,prontoqa,27,thinking,per_cloud,0.094,0.0028,data
deepseek-ai/DeepSeek-R1-Distill-Qwen-7B,prontoqa,27,thinking,background,0.1771,0.0046,data
deepseek-ai/DeepSeek-R1-Distill-Qwen-7B,prontoqa,27,last,raw,0.0877,0.0019,data
deepseek-ai/DeepSeek-R1-Distill-Qwen-7B,prontoqa,27,last,pca_only,0.1147,0.003,data
deepseek-ai/DeepSeek-R1-Distill-Qwen-7B,prontoqa,27,last,per_cloud,0.0898,0.0026,data
deepseek-ai/DeepSeek-R1-Distill-Qwen-7B,prontoqa,27,last,background,0.1014,0.0031,data
deepseek-ai/DeepSeek-R1-Distill-Qwen-7B,prontoqa,27,all,raw,0.1973,0.0069,data
deepseek-ai/DeepSeek-R1-Distill-Qwen-7B,prontoqa,27,all,pca_only,0.2036,0.007,data
deepseek-ai/DeepSeek-R1-Distill-Qwen-7B,prontoqa,27,all,per_cloud,0.1066,0.0025,data
deepseek-ai/DeepSeek-R1-Distill-Qwen-7B,prontoqa,27,all,background,0.2124,0.0064,data
deepseek-ai/DeepSeek-R1-Distill-Qwen-7B,prontoqa,28,input,raw,0.1949,0.0063,data
deepseek-ai/DeepSeek-R1-Distill-Qwen-7B,prontoqa,28,input,pca_only,0.1974,0.0063,data
deepseek-ai/DeepSeek-R1-Distill-Qwen-7B,prontoqa,28,input,per_cloud,0.1164,0.0022,data
deepseek-ai/DeepSeek-R1-Distill-Qwen-7B,prontoqa,28,input,background,0.2264,0.0043,data
deepseek-ai/DeepSeek-R1-Distill-Qwen-7B,prontoqa,28,generated,raw,0.1736,0.0089,data
deepseek-ai/DeepSeek-R1-Distill-Qwen-7B,prontoqa,28,generated,pca_only,0.1748,0.009,data
deepseek-ai/DeepSeek-R1-Distill-Qwen-7B,prontoqa,28,generated,per_cloud,0.1077,0.0024,data
deepseek-ai/DeepSeek-R1-Distill-Qwen-7B,prontoqa,28,generated,background,0.1933,0.0048,data
deepseek-ai/DeepSeek-R1-Distill-Qwen-7B,prontoqa,28,thinking,raw,0.1523,0.0064,data
deepseek-ai/DeepSeek-R1-Distill-Qwen-7B,prontoqa,28,thinking,pca_only,0.1537,0.0064,data
deepseek-ai/DeepSeek-R1-Distill-Qwen-7B,prontoqa,28,thinking,per_cloud,0.0964,0.0026,data
deepseek-ai/DeepSeek-R1-Distill-Qwen-7B,prontoqa,28,thinking,background,0.1522,0.0042,data
deepseek-ai/DeepSeek-R1-Distill-Qwen-7B,prontoqa,28,last,raw,0.1638,0.0037,data
deepseek-ai/DeepSeek-R1-Distill-Qwen-7B,prontoqa,28,last,pca_only,0.173,0.0037,data
deepseek-ai/DeepSeek-R1-Distill-Qwen-7B,prontoqa,28,last,per_cloud,0.0908,0.0034,data
deepseek-ai/DeepSeek-R1-Distill-Qwen-7B,prontoqa,28,last,background,0.0818,0.0016,data
deepseek-ai/DeepSeek-R1-Distill-Qwen-7B,prontoqa,28,all,raw,0.1878,0.0073,data
deepseek-ai/DeepSeek-R1-Distill-Qwen-7B,prontoqa,28,all,pca_only,0.189,0.0072,data
deepseek-ai/DeepSeek-R1-Distill-Qwen-7B,prontoqa,28,all,per_cloud,0.1102,0.0023,data
deepseek-ai/DeepSeek-R1-Distill-Qwen-7B,prontoqa,28,all,background,0.2113,0.0035,data
